pickup_date,year,month,day,day_of_week,weekday_name,is_weekend,total_trips,total_revenue,total_fare_amount,total_trip_distance,total_trip_duration_min,total_passenger_count,credit_card_trip_count,cash_trip_count,active_days,active_pickup_zones,avg_revenue_per_trip,avg_fare_amount,avg_trip_distance,avg_trip_duration_min,avg_passenger_count,credit_card_share,cash_share
2001-01-01,2001,1,1,2,Mon,0,6,337.65999999999997,273.09999999999997,64.76,3194.666666666667,8,3,3,1,4,56.276666666666664,45.51666666666666,10.793333333333335,532.4444444444445,1.3333333333333333,0.5,0.5
2002-12-31,2002,12,31,3,Tue,0,21,941.07,700.6,175.47000000000003,10117.166666666666,21,9,11,1,10,44.81285714285715,33.36190476190476,8.355714285714287,481.76984126984127,1.0,0.42857142857142855,0.5238095238095238
2003-01-01,2003,1,1,4,Wed,0,6,454.08,384.50000000000006,79.29,4108.716666666666,8,2,4,1,4,75.67999999999999,64.08333333333334,13.215000000000002,684.786111111111,1.3333333333333333,0.3333333333333333,0.6666666666666666
2008-12-31,2008,12,31,4,Wed,0,33,1819.21,1351.6,301.69000000000005,23144.999999999996,33,20,13,1,14,55.127575757575755,40.95757575757575,9.142121212121214,701.3636363636363,1.0,0.6060606060606061,0.3939393939393939
2009-01-01,2009,1,1,5,Thu,0,32,1049.99,772.1,170.06,11379.55,50,12,19,1,17,32.8121875,24.128125,5.314375,355.6109375,1.5625,0.375,0.59375
2014-11-19,2014,11,19,4,Wed,0,1,52.38,33.1,6.43,427.48333333333335,2,1,0,1,1,52.38,33.1,6.43,427.48333333333335,2.0,1.0,0.0
2022-10-24,2022,10,24,2,Mon,0,4,337.27,295.0,0.0,0.31666666666666665,4,3,1,1,4,84.3175,73.75,0.0,0.07916666666666666,1.0,0.75,0.25
2022-10-25,2022,10,25,3,Tue,0,7,423.21999999999997,364.0,10.780000000000001,27.616666666666667,9,4,3,1,5,60.459999999999994,52.0,1.5400000000000003,3.9452380952380954,1.2857142857142858,0.5714285714285714,0.42857142857142855
2022-12-31,2022,12,31,7,Sat,1,25,658.2300000000001,415.7,82.80000000000001,305.2166666666667,29,20,5,1,20,26.329200000000004,16.628,3.3120000000000003,12.208666666666668,1.16,0.8,0.2
2023-01-01,2023,1,1,1,Sun,1,75992,2366469.7899999996,1694324.4500000002,392713.5299999999,1323863.4833333332,112842,54738,16814,1,218,31.141038398778814,22.296089719970524,5.1678272712917135,17.421090158613186,1.4849194652068638,0.7203126644909991,0.22126013264554165
2023-01-02,2023,1,2,2,Mon,0,65060,2049485.8899999994,1457444.0500000003,296686.27999999997,1054873.35,95814,48001,14968,1,217,31.501473870273585,22.401537811251156,4.560194897018136,16.213854134644944,1.472702121118967,0.7377958807254842,0.2300645557946511
2023-01-03,2023,1,3,3,Tue,0,84976,2509539.4899999993,1733046.6600000004,345866.95,1399883.6666666665,114206,63674,18298,1,221,29.53233254095273,20.394542694407836,4.0701721662587085,16.473871053787736,1.343979476558087,0.7493174543400489,0.21533138768593485
2023-01-04,2023,1,4,4,Wed,0,94248,2664284.829999999,1819502.4799999995,333702.31,1528549.5500000003,125264,72127,18996,1,230,28.268873928359213,19.305475766063996,3.540683197521433,16.21837651727358,1.3290892114421526,0.7652894491129785,0.20155334861217214
2023-01-05,2023,1,5,5,Thu,0,100218,2754584.71,1870473.2000000002,354992.13000000006,1606560.383333333,132710,77962,18970,1,228,27.48592777744517,18.66404438324453,3.54219930551398,16.030657001070995,1.3242132151908839,0.7779241254066136,0.1892873535692191
2023-01-06,2023,1,6,6,Fri,0,101679,2732338.84,1842407.0,339552.45,1575828.2499999995,137380,79753,18589,1,227,26.87220409327393,18.11983792130135,3.3394550497152804,15.49806990627366,1.351114782796841,0.7843605857650056,0.18282044473293405
2023-01-07,2023,1,7,7,Sat,1,104077,2684760.139999999,1859536.7999999993,566450.42,1545391.8333333335,149383,82374,18440,1,211,25.795902456834835,17.8669331360435,5.442609029852898,14.84854322600895,1.4353123168423378,0.7914716988383601,0.17717651354285768
2023-01-08,2023,1,8,1,Sun,1,84296,2421959.78,1693637.0800000003,333235.49,1247832.016666667,117889,66596,15047,1,216,28.731609803549397,20.091547404384553,3.9531589873778112,14.802980173041036,1.3985123849292969,0.7900256239916484,0.17850194552529183
2023-01-09,2023,1,9,2,Mon,0,84603,2389373.8199999994,1620891.6600000001,318034.00000000006,1295811.6666666667,108408,66199,15473,1,217,28.242187865678513,19.158796496578137,3.7591338368615776,15.316379639807888,1.281373000957413,0.7824663428010827,0.1828894956443625
2023-01-10,2023,1,10,3,Tue,0,99115,2648807.5699999994,1776959.85,313789.45,1486742.8166666667,126414,78965,17089,1,222,26.72458830651263,17.92826363315341,3.165912828532513,15.000179757520725,1.275427533673006,0.7967008020985724,0.17241588054280382
2023-01-11,2023,1,11,4,Wed,0,105291,2784515.599999999,1859707.1299999997,327619.8,1600293.4166666667,134569,84572,17565,1,217,26.445903258588096,17.662545991585223,3.1115650910334214,15.19876738436017,1.2780674511591683,0.8032215479005803,0.16682337521725504
2023-01-12,2023,1,12,5,Thu,0,110519,3079728.999999999,2074245.06,470244.00000000006,1827460.7666666666,140806,88579,17751,1,227,27.866059229634715,18.768221391796885,4.254870203313458,16.53526331822281,1.2740433771568689,0.8014820981007791,0.1606149168921181
2023-01-13,2023,1,13,6,Fri,0,109740,3106172.98,2085108.97,505048.31,1808653.2333333332,147615,87382,18684,1,216,28.304838527428466,19.00044623655914,4.602226262073993,16.481257821517524,1.3451339529797703,0.7962638964825952,0.17025697102241663
2023-01-14,2023,1,14,7,Sat,1,111903,2944284.8899999997,2027821.22,371963.24000000005,1735602.633333333,160016,89428,18885,1,210,26.31104519092428,18.12124089613326,3.323979160522953,15.509884751376934,1.4299527269152748,0.799156412249895,0.16876223157556097
2023-01-15,2023,1,15,1,Sun,1,96021,2627214.8099999996,1820313.8899999997,531018.2999999999,1418760.0166666668,136419,76253,16503,1,202,27.36083575467866,18.957456077316415,5.530230886993469,14.77551802904226,1.4207204673977567,0.7941283677528874,0.1718686537319961
2023-01-16,2023,1,16,2,Mon,0,79366,2313090.79,1601313.8899999994,315599.93999999994,1217719.9,107548,63188,13650,1,217,29.14460587657183,20.176320968676755,3.9765131164478484,15.343092760123982,1.3550890809666607,0.7961595645490512,0.1719880049391427
2023-01-17,2023,1,17,3,Tue,0,100200,2834697.589999999,1911901.21,356358.81,1603041.4666666663,126822,80248,16642,1,221,28.290395109780427,19.080850399201598,3.556475149700599,15.998417831004653,1.265688622754491,0.8008782435129741,0.1660878243512974
2023-01-18,2023,1,18,4,Wed,0,105272,2878226.8400000003,1930425.3699999999,368152.19,1676323.8833333338,133285,84668,17275,1,218,27.34085834789878,18.337500664944145,3.497152044228285,15.923739297565675,1.2661011475036097,0.8042784406109886,0.16409871570788054
2023-01-19,2023,1,19,5,Thu,0,113734,3087968.4099999997,2074915.4800000002,354998.73999999993,1923193.6166666665,143257,91486,17680,1,226,27.150794045755884,18.243581338913607,3.1213070849526083,16.909575119723797,1.2595793694058066,0.804385671830763,0.1554504369845429
2023-01-20,2023,1,20,6,Fri,0,108523,2946130.819999999,1977528.7000000002,372402.09,1747530.6666666665,143278,86634,18320,1,220,27.147524672189295,18.222208195497732,3.431549901864121,16.102859916023945,1.3202546925536522,0.7983008210241147,0.16881214120509017
2023-01-21,2023,1,21,7,Sat,1,110996,2788911.62,1917993.06,342917.68000000005,1630489.5500000005,155712,89489,17860,1,214,25.126235359832787,17.279839453674008,3.089459800353166,14.689624400879316,1.4028613643734908,0.8062362607661537,0.16090669934051677
2023-01-22,2023,1,22,1,Sun,1,88877,2470623.66,1711179.6199999996,373893.5899999999,1327558.05,122375,71270,14589,1,211,27.798234188822757,19.25334586000877,4.206865555768083,14.93702588971275,1.3769029107643147,0.8018947534232703,0.164148204822395
2023-01-23,2023,1,23,2,Mon,0,89011,2449390.1100000003,1647569.7899999996,587140.9899999999,1340839.4666666668,112608,70485,15420,1,214,27.517836110143694,18.509732392625626,6.596274505398208,15.063750173199569,1.265102066036782,0.791868420756985,0.17323701564975116
2023-01-24,2023,1,24,3,Tue,0,103013,2743672.14,1832121.1,324083.23000000004,1588245.566666667,130104,82835,17011,1,214,26.634231990137167,17.785338743653714,3.1460420529447743,15.41791392024955,1.262986225039558,0.8041218098686573,0.16513449758768312
2023-01-25,2023,1,25,4,Wed,0,108328,2823740.849999999,1877760.9700000002,335564.6999999999,1700121.65,134628,87430,16721,1,226,26.06658343179971,17.33403155232258,3.097672808507495,15.694203253083227,1.2427811830736282,0.8070858873052211,0.15435529133741968
2023-01-26,2023,1,26,5,Thu,0,113966,3119993.99,2088932.8199999998,372723.28,1845482.1000000003,144466,92427,17714,1,224,27.3765332643069,18.32943877998701,3.270477861818437,16.19326904515382,1.2676236772370708,0.8110050365898601,0.1554323219205728
2023-01-27,2023,1,27,6,Fri,0,110703,2991282.8800000004,1999365.0199999998,372930.52999999985,1782248.25,146731,88793,18292,1,222,27.020793293768012,18.060621844033133,3.368748182072752,16.099367225820437,1.3254473681833374,0.8020830510464938,0.16523490781640968
2023-01-28,2023,1,28,7,Sat,1,110637,2784597.63,1914459.8400000003,347726.92,1719528.1166666662,155635,89143,17796,1,210,25.16877382792375,17.303974619702274,3.1429532615671065,15.542071067243926,1.4067174634163977,0.805725028697452,0.16085034843677973
2023-01-29,2023,1,29,1,Sun,1,87372,2434949.909999999,1686771.1099999999,325701.87999999995,1306911.166666667,119816,70312,14090,1,217,27.868766996291708,19.305625486425857,3.727760380900059,14.958009049428501,1.3713317767705901,0.8047429382410841,0.16126447832257473
2023-01-30,2023,1,30,2,Mon,0,83039,2327099.34,1573270.6799999992,293230.57999999996,1292126.5333333337,105061,65802,14544,1,226,28.02417346066306,18.946166018376896,3.531239297197702,15.56047800832541,1.265200688832958,0.7924228374619154,0.17514661785426125
2023-01-31,2023,1,31,3,Tue,0,99621,2682999.0100000002,1804782.0299999998,480792.25999999983,1616466.3000000005,125072,80465,15774,1,215,26.932062617319644,18.116481765892733,4.82621395087381,16.22616014695697,1.255478262615312,0.8077112255448149,0.15834010901315987
2023-02-01,2023,2,1,4,Wed,0,106856,2823989.21,1885573.7,331445.58999999997,1689068.6666666665,133894,86269,16680,1,225,26.4279891629857,17.645931908362655,3.1017967170771876,15.806961393526489,1.2530321179905668,0.8073388485438346,0.15609792618102866
2023-02-02,2023,2,2,5,Thu,0,112113,3002209.809999999,2003977.2200000002,361998.91000000003,1765733.3666666665,141178,90594,17335,1,222,26.778427211830913,17.87461953564707,3.228875420334841,15.749586280508652,1.2592473664963029,0.8080597254555671,0.1546207843871808
2023-02-03,2023,2,3,6,Fri,0,114130,2997632.9999999995,1990925.5700000008,534485.26,1779014.4333333333,146780,90627,17878,1,226,26.265074914571098,17.444366687111195,4.683126785244896,15.587614416308888,1.2860772802944012,0.7940681678787348,0.15664593007973363
2023-02-04,2023,2,4,7,Sat,1,97367,2436510.87,1669831.9900000005,792031.5599999997,1438865.5166666666,134370,76956,15638,1,211,25.02399036634589,17.14987613873284,8.134496903468317,14.777753414058836,1.3800363572873766,0.7903704540552754,0.16060883050725605
2023-02-05,2023,2,5,1,Sun,1,83264,2367852.6399999997,1644473.1,327174.3500000001,1279939.866666667,113827,66143,13773,1,210,28.437892006149113,19.750109290930055,3.929361428708687,15.372067960543175,1.3670613950807071,0.7943769215987702,0.16541362413528055
2023-02-06,2023,2,6,2,Mon,0,90179,2529143.8299999996,1705434.79,333550.41000000003,1425982.983333333,114849,71203,15749,1,223,28.04581809512192,18.911662249525943,3.6987592455006157,15.812805457294193,1.2735670167112076,0.7895740693509575,0.174641546257998
2023-02-07,2023,2,7,3,Tue,0,105213,2790090.669999999,1860827.32,335767.73000000004,1685387.683333333,131986,85229,16406,1,220,26.518497429024922,17.68628705578208,3.191314096166824,16.018815957470398,1.2544647524545447,0.8100614943020349,0.1559313012650528
2023-02-08,2023,2,8,4,Wed,0,107564,2885650.4899999993,1927335.7900000005,348935.77,1719952.15,135620,87272,16694,1,224,26.8272887769142,17.918037540441045,3.2439828381242797,15.990035234836933,1.2608307612212264,0.8113495221449556,0.15520062474433827
2023-02-09,2023,2,9,5,Thu,0,114188,3185427.869999999,2143463.340000001,380740.48999999993,1970329.75,143948,93049,17228,1,224,27.896345237678208,18.771353732441245,3.334330139769502,17.255138455879777,1.260622832521806,0.8148754685255893,0.15087399726766385
2023-02-10,2023,2,10,6,Fri,0,113308,3124788.089999999,2098959.6500000004,386914.75999999995,1907428.0333333334,149694,91186,18254,1,229,27.57782407243971,18.52437294807075,3.414717054400395,16.834010249349856,1.3211247219966815,0.8047622409715113,0.1611007166307763
2023-02-11,2023,2,11,7,Sat,1,113467,2928176.5700000003,2024960.03,371527.7599999999,1824103.95,160315,91338,18010,1,210,25.806415697956236,17.84624630949968,3.274324340997822,16.076074541496645,1.4128777530030758,0.8049741334484917,0.1587245630888276
2023-02-12,2023,2,12,1,Sun,1,93546,2586737.59,1789675.3700000003,346427.93000000005,1410384.6166666667,128360,75208,14757,1,215,27.65203846236076,19.131500758984888,3.7032896115280187,15.076909933793713,1.372159151647318,0.8039681012549975,0.15775126675646206
2023-02-13,2023,2,13,2,Mon,0,92147,2553116.389999999,1724088.53,342306.56000000006,1479441.4333333333,118971,73055,15871,1,225,27.706994150650583,18.71019707641052,3.714787893257513,16.05523167692202,1.2911000900734695,0.7928093155501535,0.17223566692350267
2023-02-14,2023,2,14,3,Tue,0,107423,2894741.6900000004,1950688.1399999997,327326.27999999997,1824600.0333333334,138640,86417,17129,1,224,26.947131340588147,18.158943056887257,3.047078186235722,16.98518970177088,1.2905988475466148,0.804455284250114,0.15945374826619998
2023-02-15,2023,2,15,4,Wed,0,109731,3117149.1799999997,2098446.83,392074.35,1815663.166666667,139956,88659,17207,1,227,28.40718830594818,19.123555148499513,3.5730500041009376,16.546492483132997,1.2754463187248817,0.8079667550646581,0.15681074627953814
2023-02-16,2023,2,16,5,Thu,0,111847,3108141.1799999992,2091969.36,381691.7,1949815.616666667,140967,90620,17278,1,226,27.789222598728614,18.70384865038848,3.4126234945952953,17.43288256874719,1.2603556644344507,0.8102139529893515,0.154478886335798
2023-02-17,2023,2,17,6,Fri,0,110721,3064874.8899999997,2056509.83,405894.5699999999,1877259.2666666666,147587,88100,18235,1,229,27.681062219452496,18.57380108561158,3.6659221827837527,16.95486192020183,1.332963033209599,0.7956936805122786,0.16469323795847218
2023-02-18,2023,2,18,7,Sat,1,104214,2738571.159999999,1899803.0699999994,334171.8300000001,1650609.3166666664,150426,81786,18587,1,220,26.278342257278286,18.22982583913869,3.2065924923714673,15.838652356369263,1.4434337037250273,0.7847889918820887,0.17835415587157197
2023-02-19,2023,2,19,1,Sun,1,89096,2486832.2399999998,1733002.0999999999,377980.01000000007,1396620.2833333334,127179,69567,16284,1,213,27.91182814043279,19.450952904731974,4.2423903430008085,15.675454378797403,1.4274378198796804,0.7808094639489989,0.18276914788542695
2023-02-20,2023,2,20,2,Mon,0,78817,2344831.749999999,1636318.0499999993,328001.2700000001,1202236.316666667,108775,61005,15143,1,209,29.750329878071977,20.760978595988167,4.161554867604705,15.253515316069716,1.380095664640877,0.7740081454508545,0.19212860169760332
2023-02-21,2023,2,21,3,Tue,0,98980,2764020.269999999,1864832.0499999998,704027.1400000001,1587832.6,127851,78364,17213,1,223,27.925038088502717,18.84049353404728,7.112822186300264,16.041953930086887,1.291685188927056,0.7917154980804203,0.1739038189533239
2023-02-22,2023,2,22,4,Wed,0,109936,3024495.1599999997,2037877.2700000005,367221.99,1813155.6166666667,141966,88249,17896,1,228,27.51141718818221,18.53694212996653,3.3403251892009895,16.492828706398875,1.2913513316838887,0.8027306796681706,0.16278562072478533
2023-02-23,2023,2,23,5,Thu,0,114234,3183414.0599999996,2149031.7099999995,511902.48000000004,1911025.5166666666,147172,92053,18208,1,226,27.86748306108514,18.81254013691195,4.481174431430222,16.729043162864528,1.288337972932752,0.8058283873452737,0.1593921249365338
2023-02-24,2023,2,24,6,Fri,0,114453,3131942.1199999996,2106688.36,401139.55,1856750.2000000002,152585,91210,18947,1,224,27.364438852629462,18.406580517767118,3.504840851703319,16.22281810000612,1.3331673263260901,0.796921006876185,0.16554393506504853
2023-02-25,2023,2,25,7,Sat,1,112472,2916984.62,2017866.83,380555.29000000004,1718839.0,158138,89931,17956,1,214,25.9352071626716,17.941059374777723,3.3835558183370087,15.282372501600399,1.4060210541290277,0.7995856746568035,0.15964862365744362
2023-02-26,2023,2,26,1,Sun,1,90240,2602658.3199999994,1812987.0399999998,365707.8599999999,1420477.5166666666,125250,72081,14780,1,205,28.84151507092198,20.09072517730496,4.05261369680851,15.74110723256501,1.387965425531915,0.7987699468085107,0.1637854609929078
2023-02-27,2023,2,27,2,Mon,0,92070,2618543.7499999995,1773481.54,344502.96,1477722.2833333332,117429,72571,15917,1,226,28.440792331921358,19.26231714999457,3.741750407298795,16.04998678541689,1.2754317367220593,0.7882154882154883,0.17287933094384708
2023-02-28,2023,2,28,3,Tue,0,100258,2726494.329999999,1829977.12,367575.7100000001,1513784.533333333,126529,80688,15772,1,216,27.194780765624678,18.25267928743841,3.6662980510283476,15.098890196626035,1.2620339524028008,0.8048036066947276,0.1573141295457719
2023-03-01,2023,3,1,4,Wed,0,114295,3183097.6399999987,2147025.0300000003,517209.76,1901994.6666666667,143870,92347,17809,1,230,27.84984155037402,18.78494273590271,4.525217726059758,16.64110124385727,1.2587602257316592,0.8079706023885559,0.15581608994269217
2023-03-02,2023,3,2,5,Thu,0,117959,3305626.5400000005,2228121.4499999997,576783.1500000001,2002521.0333333332,149202,95485,18240,1,226,28.023521223475957,18.888948278639187,4.889691757305505,16.9764158167951,1.264863215184937,0.8094761739248383,0.15462999855882129
2023-03-03,2023,3,3,6,Fri,0,115392,3143360.9199999985,2109033.8,563001.2400000001,1924741.7500000002,151881,92147,18680,1,229,27.24071790072101,18.277123197448695,4.8790318219633955,16.680027644897397,1.316217762063228,0.7985562257348863,0.16188297282307265
2023-03-04,2023,3,4,7,Sat,1,112224,2901347.8599999994,2004014.9700000002,368843.18000000005,1739659.4500000002,156573,89175,18485,1,214,25.853185236669514,17.85727625106929,3.286669339891646,15.501670320074139,1.3951828485885371,0.794616124893071,0.1647152124322783
2023-03-05,2023,3,5,1,Sun,1,96058,2754162.7800000003,1916119.65,373751.7100000001,1530856.1333333335,131913,76324,16165,1,209,28.671873035041333,19.947528055966185,3.890896229361428,15.936789578518535,1.373264069624602,0.794561619021841,0.16828374523725248
2023-03-06,2023,3,6,2,Mon,0,92644,2681531.6999999997,1816702.9899999998,351588.83,1526703.583333334,118509,73065,16378,1,221,28.944472388929665,19.60950509477138,3.7950523509347613,16.479249420721622,1.279186995380165,0.7886641336729847,0.1767842493847416
2023-03-07,2023,3,7,3,Tue,0,112856,3056336.5599999996,2044792.4,357903.68,1823679.766666667,142885,90968,17964,1,230,27.081737435315798,18.11859715035089,3.171330545119444,16.15935144490915,1.2660824413411782,0.806053732189693,0.15917629545615652
2023-03-08,2023,3,8,4,Wed,0,116454,3260776.9999999995,2194443.03,417721.11,2040963.5833333335,149123,95664,18170,1,226,28.000558160303637,18.843861352980575,3.5870052552939358,17.52592082138298,1.2805313686090645,0.8214745736513989,0.15602727257114396
2023-03-09,2023,3,9,5,Thu,0,120591,3392709.4199999995,2291577.97,404427.24,2087073.8333333333,153709,96563,19780,1,229,28.13401845908898,19.002893831214603,3.353709978356594,17.307044749055347,1.2746307767578011,0.8007479828511249,0.16402550770787205
2023-03-10,2023,3,10,6,Fri,0,120667,3373770.65,2270585.0000000005,448561.10000000003,2072648.4166666665,158784,95760,19703,1,233,27.959348040475025,18.81695078190392,3.717346913406317,17.1765968878539,1.3158858677185974,0.7935889679862763,0.1632840793257477
2023-03-11,2023,3,11,7,Sat,1,110286,2862571.92,1974090.5700000003,362468.08999999997,1715786.566666667,155593,87912,18144,1,209,25.955895761928076,17.899738588760137,3.286619244509729,15.557609911200577,1.4108137025551748,0.7971274685816876,0.16451770850334585
2023-03-12,2023,3,12,1,Sun,1,94169,2720016.3000000003,1891274.1199999996,377614.49,1461257.5666666667,131471,74569,15922,1,214,28.88441312958617,20.083829285646015,4.009966018541133,15.517394967204352,1.3961176183245017,0.7918635644426509,0.16907899627265874
2023-03-13,2023,3,13,2,Mon,0,99506,2857730.5499999993,1932549.1800000002,410557.7600000001,1668340.7166666668,128590,78339,17155,1,222,28.719178240508104,19.42143368239101,4.125959841617592,16.766232354497888,1.292283882378952,0.7872791590456857,0.172401664221253
2023-03-14,2023,3,14,3,Tue,0,106751,2913012.0299999993,1959840.5499999998,368902.79000000004,1695753.35,137076,85457,17056,1,224,27.287913274817093,18.35899007971822,3.455731468557672,15.88512847654823,1.2840722803533455,0.8005264587685361,0.15977367893509195
2023-03-15,2023,3,15,4,Wed,0,118992,3429096.5199999996,2329625.9699999997,544961.71,2165945.8166666664,152344,95585,18977,1,228,28.817874478956565,19.57800499193223,4.579818054995293,18.202449044193447,1.2802877504370043,0.803289296759446,0.15948130966787682
2023-03-16,2023,3,16,5,Thu,0,122976,3603494.6199999987,2454822.58,451413.48,2316994.983333334,158568,98275,20145,1,226,29.30242177335414,19.96180214025501,3.6707445355191255,18.841033887370983,1.2894223263075721,0.7991396695290138,0.1638124512099922
2023-03-17,2023,3,17,6,Fri,0,111426,3284828.23,2247248.4599999995,432155.45999999996,2108494.0666666664,149792,87811,19361,1,230,29.47990801069768,20.168079801841575,3.878407732486134,18.922819330018726,1.344318202214923,0.788065622027175,0.1737565738696534
2023-03-18,2023,3,18,7,Sat,1,120475,3201428.039999999,2223105.59,438588.3500000001,1976116.2333333336,170620,95423,20530,1,213,26.573380701390324,18.45283743515252,3.640492633326417,16.40270789237048,1.4162274330774018,0.7920564432454866,0.1704087985059141
2023-03-19,2023,3,19,1,Sun,1,99499,2968703.430000001,2071971.54,412549.45000000007,1676259.4000000001,137959,79119,16463,1,207,29.83651524135922,20.824043859737284,4.146267299168836,16.84699745726088,1.386536548106011,0.7951738208424205,0.16545894933617422
2023-03-20,2023,3,20,2,Mon,0,90609,2752308.2399999993,1877212.2900000003,371713.76,1556917.9666666668,116376,70939,16291,1,227,30.375660695957347,20.717724398238587,4.102393360482955,17.182818115934033,1.2843757242658014,0.7829133971239061,0.17979450164994648
2023-03-21,2023,3,21,3,Tue,0,100940,2882409.09,1955229.1700000002,366253.2700000001,1740151.7833333334,128792,79791,17628,1,230,28.555667624331285,19.37021170992669,3.6284255002972072,17.239466844990424,1.275926292847236,0.790479492767981,0.17463839904893996
2023-03-22,2023,3,22,4,Wed,0,105114,3004574.099999999,2032243.5799999996,362311.03,1788759.7666666666,133091,84303,17216,1,226,28.583957417660816,19.333709876895558,3.4468389558003696,17.017331341844727,1.2661586468025192,0.8020149551915063,0.1637840820442567
2023-03-23,2023,3,23,5,Thu,0,113151,3289992.1599999988,2231601.7600000002,404856.92999999993,2011604.5666666667,144864,90829,18178,1,228,29.076120935740725,19.72233351892604,3.578023437707134,17.778053810100367,1.2802714956120582,0.8027237938683706,0.16065257929669202
2023-03-24,2023,3,24,6,Fri,0,109939,3129696.349999999,2111827.8699999996,436337.26000000007,1860358.6,146632,87234,18576,1,231,28.467571562411877,19.20908749397393,3.9689033009214207,16.921734780196292,1.3337578111498194,0.7934763823574892,0.16896642683670035
2023-03-25,2023,3,25,7,Sat,1,114566,2975988.2299999986,2054232.9500000004,364250.9100000001,1757807.3,160698,90989,18757,1,202,25.976190405530424,17.930563605258108,3.179397988932145,15.34318471448772,1.40266745805911,0.794205959883386,0.16372222125237854
2023-03-26,2023,3,26,1,Sun,1,93220,2789882.869999999,1949474.13,601889.56,1531823.6166666667,130578,73798,15990,1,209,29.927943252520908,20.91261671315168,6.456656940570694,16.432349460058642,1.4007509118214976,0.7916541514696417,0.17152971465350783
2023-03-27,2023,3,27,2,Mon,0,95505,2792537.239999999,1888772.8199999998,386753.81000000006,1566126.4333333333,123059,74928,16857,1,221,29.239696769802617,19.776690435055755,4.049566096015916,16.39837111495035,1.2885084550547092,0.784545311763782,0.17650384796607507
2023-03-28,2023,3,28,3,Tue,0,103414,2934874.0599999987,1989361.7299999997,369495.63000000006,1725443.2000000007,132010,82836,17122,1,229,28.37985243777437,19.236870539772177,3.572974935695361,16.68481250120874,1.2765196201674822,0.8010134024406753,0.16556752470651942
2023-03-29,2023,3,29,4,Wed,0,110294,3155262.499999999,2136774.8899999997,411187.74000000005,1918855.2333333339,141315,88501,18007,1,230,28.607743848260096,19.373446334342752,3.7281061526465633,17.397639339704188,1.2812573666745244,0.8024099225705841,0.1632636408145502
2023-03-30,2023,3,30,5,Thu,0,118257,3427285.13,2333583.4199999995,503109.2600000002,2164465.933333333,151724,94819,19111,1,230,28.9816681464945,19.73315254065298,4.25437191878705,18.303068176372925,1.2830022747067826,0.8018045443398699,0.16160565547916825
2023-03-31,2023,3,31,6,Fri,0,114146,3285244.8399999994,2225862.71,426084.81,1978731.0666666662,153005,90662,19243,1,232,28.781077216897653,19.500137630753596,3.732805442153032,17.335088979610905,1.3404324286440172,0.7942634871129957,0.16858234191298863
2023-04-01,2023,4,1,7,Sat,1,115843,3063925.43,2121634.4100000006,429383.95999999996,1855339.1166666667,164533,91756,19178,1,213,26.448947541068517,18.31473986343586,3.7066025569089196,16.01597952976586,1.4203102474901375,0.7920720285213608,0.1655516518045976
2023-04-02,2023,4,2,1,Sun,1,98874,2890529.960000001,2019655.81,416587.98,1592527.55,140140,77949,17142,1,218,29.234479843032556,20.426561178874124,4.213321803507494,16.106636223880898,1.417359467605235,0.7883670125614418,0.1733721706414224
2023-04-03,2023,4,3,2,Mon,0,95985,2810419.649999999,1921514.7800000005,518236.3099999999,1678630.6,126924,74638,17892,1,228,29.279779653070783,20.018906912538423,5.399138511225711,17.488467989790074,1.3223316143147368,0.7776006667708496,0.18640412564463196
2023-04-04,2023,4,4,3,Tue,0,107595,2983580.7699999986,2016704.4800000007,409337.8400000001,1744849.1,141949,84986,18882,1,232,27.729734374273885,18.743477670895494,3.8044318044518803,16.2168232724569,1.3192899298294531,0.789869417723872,0.175491426181514
2023-04-05,2023,4,5,4,Wed,0,114634,3228618.379999999,2195253.3000000003,428534.95,2049475.1166666672,151326,90970,19457,1,226,28.164579269675656,19.15010642566778,3.7382883786660153,17.878422777419154,1.3200795575483713,0.7935690981733168,0.16973149327424672
2023-04-06,2023,4,6,5,Thu,0,107097,3057329.439999999,2072907.1099999999,384771.18999999994,1765305.2,145675,83910,19580,1,223,28.547293014743634,19.355417145204814,3.5927354641119726,16.48323669197083,1.3602155055697172,0.7834953360038096,0.18282491573059936
2023-04-07,2023,4,7,6,Fri,0,104844,2883295.79,1946692.1400000001,432249.73000000004,1684097.2000000004,149020,80493,20562,1,222,27.500818263324557,18.56751115943688,4.1227893823204,16.062885811300603,1.4213498149631834,0.7677406432413872,0.19611994963946436
2023-04-08,2023,4,8,7,Sat,1,100530,2577894.94,1788560.689999999,319227.0,1554480.2999999998,147981,77302,19338,1,209,25.643041281209587,17.791312941410514,3.1754401671142944,15.462849895553564,1.4720083557147121,0.7689445936536358,0.19236048940614742
2023-04-09,2023,4,9,1,Sun,1,87432,2529987.4499999997,1771770.4700000002,353763.97,1417359.65,127355,66905,17096,1,218,28.936630181169363,20.264553824686615,4.046161245310641,16.210994258395093,1.456617714338,0.7652232592185927,0.19553481562814531
2023-04-10,2023,4,10,2,Mon,0,88863,2674700.17,1827558.6799999997,422181.1500000001,1521167.1666666667,120165,68366,17319,1,228,30.099143287982624,20.566025004782638,4.75092164342865,17.11811627636549,1.3522500928395396,0.7693415707324759,0.19489551331825394
2023-04-11,2023,4,11,3,Tue,0,103969,2995377.709999999,2033935.4900000002,528836.3999999999,1760839.3833333333,137340,81816,18743,1,221,28.810296434514125,19.56290326924372,5.086481547384316,16.936196205920353,1.3209706739508893,0.7869268724331291,0.18027488963056296
2023-04-12,2023,4,12,4,Wed,0,112178,3154420.65,2131828.3899999997,408550.88999999996,1837394.8499999999,148062,88771,19663,1,224,28.119779725079784,19.003979300754157,3.641987644636203,16.379279805309416,1.3198844693255363,0.7913405480575514,0.1752839237640179
2023-04-13,2023,4,13,5,Thu,0,120933,3471854.7399999998,2359450.4200000004,439021.7299999999,2108739.5166666666,160139,95577,20848,1,229,28.7089110499202,19.510393523686673,3.630288920311246,17.437254650646775,1.3241960424367212,0.7903301828285083,0.17239297792992814
2023-04-14,2023,4,14,6,Fri,0,122825,3484617.7799999993,2360988.93,448230.8399999999,2084656.2,167745,96740,21311,1,233,28.370590514960305,19.22238086708732,3.6493453287197224,16.972572359047426,1.365723590474252,0.7876246692448605,0.17350702218603706
2023-04-15,2023,4,15,7,Sat,1,117764,3198883.9699999997,2234748.34,595551.9500000001,1960725.1333333335,166890,93277,19436,1,217,27.16351321286641,18.976498250738764,5.057164753235285,16.64961391709974,1.417156346591488,0.7920671852178934,0.16504194830338642
2023-04-16,2023,4,16,1,Sun,1,97545,2900459.6299999994,2030455.27,407408.12,1579148.8499999999,137129,76840,16544,1,214,29.734580245015117,20.815575067917372,4.176617151058486,16.188926649238812,1.4058024501512123,0.7877389922599826,0.16960377261776616
2023-04-17,2023,4,17,2,Mon,0,96908,2936694.59,2006233.4999999995,389386.64,1651769.333333333,124918,76281,17010,1,222,30.303943843645516,20.702454905683737,4.018106245098444,17.044715950523518,1.2890370248070335,0.7871486358195402,0.17552730424732738
2023-04-18,2023,4,18,3,Tue,0,114035,3308550.679999999,2250417.16,430374.24999999994,2026679.0666666671,145125,91309,18730,1,234,29.013466742666715,19.734442583417373,3.7740540185030906,17.772430101869315,1.2726355943350727,0.8007103082386986,0.1642478186521682
2023-04-19,2023,4,19,4,Wed,0,116654,3380517.2799999993,2296915.4200000004,469790.99,2095224.1499999997,147536,93608,18748,1,227,28.979008692372307,19.68998422685892,4.027217155005401,17.961014195826973,1.2647315994307953,0.802441407924289,0.16071459186997444
2023-04-20,2023,4,20,5,Thu,0,124701,3734006.0299999993,2546273.2,454842.38000000006,2402923.916666668,160115,99722,19992,1,231,29.94367350702881,20.419027914772137,3.647463773345844,19.26948393891523,1.2839913072068387,0.7996888557429371,0.16031948420622127
2023-04-21,2023,4,21,6,Fri,0,115879,3349708.729999999,2264810.4899999993,427381.62000000005,2012068.483333333,153231,90664,20002,1,224,28.906952338214854,19.544615417806497,3.6881714547070654,17.363529917701506,1.3223362300330517,0.7824023334685318,0.17261108570146447
2023-04-22,2023,4,22,7,Sat,1,116832,3123659.769999999,2176678.5999999996,589773.83,1980204.7666666664,163850,91328,20230,1,219,26.736337390440966,18.630842577376058,5.048050448507258,16.949164327124986,1.402441112024103,0.7817036428375788,0.17315461517392494
2023-04-23,2023,4,23,1,Sun,1,97069,3001275.8000000003,2105824.47,456976.64999999997,1696525.2000000004,133600,76329,16445,1,209,30.918993705508456,21.69409873389033,4.7077506722022475,17.477518054167657,1.3763405412644614,0.7863375536989152,0.16941557036747057
2023-04-24,2023,4,24,2,Mon,0,98939,3035125.83,2072003.8900000004,391874.41000000003,1756107.8833333328,127383,77939,17443,1,223,30.676738495436584,20.942236024216946,3.9607678468551333,17.749399966983017,1.2874902717836243,0.7877480063473453,0.17630054882301216
2023-04-25,2023,4,25,3,Tue,0,111895,3305063.3799999994,2253855.45,431887.62,2043163.0666666673,142384,89985,17997,1,222,29.537185575762987,20.14259305598999,3.8597579873989005,18.259645798888844,1.272478663032307,0.8041914294651236,0.1608382858930247
2023-04-26,2023,4,26,4,Wed,0,119116,3488990.769999999,2371119.2199999997,418902.06,2193172.55,150978,96415,18553,1,233,29.290697891131327,19.905967460290807,3.516757278619161,18.41207352496726,1.267487155377951,0.8094210685382316,0.15575573390644415
2023-04-27,2023,4,27,5,Thu,0,123274,3710510.379999999,2535015.8200000003,432191.62999999983,2382263.3166666664,157902,99530,19262,1,230,30.099699693365988,20.564075311906812,3.505943102357349,19.324945379128334,1.2809027045443484,0.8073884192936062,0.1562535490046563
2023-04-28,2023,4,28,6,Fri,0,122044,3549196.119999999,2408953.6900000004,437395.82,2213915.3666666667,161682,96753,20567,1,229,29.0812831437842,19.738403280783984,3.58391907836518,18.140304862727103,1.3247845039493953,0.7927714594736325,0.16852118907934843
2023-04-29,2023,4,29,7,Sat,1,109417,3005337.229999999,2111076.32,365458.59,1990303.2333333336,150925,84487,19144,1,215,27.466821700467012,19.293860369046858,3.34005309960975,18.190073145245563,1.379356041565753,0.7721560635001874,0.17496367109315736
2023-04-30,2023,4,30,1,Sun,1,93265,2838465.719999999,1999250.2900000003,742104.6400000001,1675416.133333333,126813,72884,15428,1,207,30.43441505387872,21.43623320645473,7.956946764595509,17.964039385979017,1.3597062134777247,0.781472149252131,0.16542111188548758
2023-05-01,2023,5,1,2,Mon,0,98748,3103437.0199999996,2131198.12,458992.2299999999,1787640.216666667,125824,77645,17545,1,227,31.42784684246769,21.58219022157411,4.648116721351318,18.103052382495513,1.2741928950459755,0.7862944059626524,0.17767448454652246
2023-05-02,2023,5,2,3,Tue,0,114062,3307867.6599999997,2250957.2200000007,381816.60000000003,2047923.5666666673,143999,91547,18548,1,228,29.000610720485348,19.734505970437137,3.3474478792235804,17.954477097251207,1.262462520383651,0.80260735389525,0.1626133155652189
2023-05-03,2023,5,3,4,Wed,0,118567,3440971.28,2331348.4600000004,393523.2200000001,2125296.4499999997,149326,95733,18679,1,225,29.02132363979859,19.6627093542048,3.318994492565386,17.92485641029966,1.2594229423026644,0.8074169035229026,0.15753961894962343
2023-05-04,2023,5,4,5,Thu,0,125636,3687040.019999999,2506279.6699999995,493196.56,2363197.3999999994,159124,101695,19267,1,229,29.347002610716665,19.948738180139447,3.92559903212455,18.809874558247632,1.2665478047693337,0.8094415613359228,0.15335572606577733
2023-05-05,2023,5,5,6,Fri,0,120547,3482997.0600000005,2362351.5600000005,644829.6699999998,2183592.9,159167,95675,20192,1,225,28.89327034268792,19.596933644138804,5.349197159614091,18.114037678249975,1.3203729665607606,0.7936738367607655,0.16750313155864519
2023-05-06,2023,5,6,7,Sat,1,120405,3227590.6899999995,2251680.4400000004,429195.67000000004,2021313.2333333332,168483,95039,20300,1,213,26.80611843361986,18.700888169095972,3.564600058137121,16.787618731226555,1.3993023545533823,0.7893276857273369,0.16859764959926912
2023-05-07,2023,5,7,1,Sun,1,100318,3043838.89,2135408.09,441855.52,1741451.083333333,138373,78945,16940,1,214,30.341901652744273,21.286390179230047,4.404548735022629,17.359308233151907,1.3793436870751012,0.7869475069279691,0.16886301561035905
2023-05-08,2023,5,8,2,Mon,0,97844,2970650.549999999,2023976.3700000003,482104.9300000001,1698457.95,125304,76741,17498,1,225,30.361090613629848,20.685748436286335,4.9272814889007,17.358836004251664,1.2806508319365522,0.7843199378602673,0.17883569764114304
2023-05-09,2023,5,9,3,Tue,0,114851,3342749.6099999994,2266458.3800000004,615455.6999999998,2076482.55,145251,92216,18616,1,234,29.105097996534635,19.733902012172297,5.358731748091003,18.079795125858723,1.264690773262749,0.802918564052555,0.1620882708901098
2023-05-10,2023,5,10,4,Wed,0,119873,3606194.659999999,2472285.2399999998,476861.1400000001,2373759.133333334,151296,96736,18776,1,231,30.083460495691266,20.62420428286603,3.978052939360824,19.80228352784475,1.2621357603463665,0.8069873949930343,0.15663243599476112
2023-05-11,2023,5,11,5,Thu,0,129007,3833799.13,2611632.139999999,497173.92999999993,2441489.0166666666,163893,103973,19955,1,228,29.71776050911966,20.244111869898525,3.8538523490973353,18.925244495776713,1.2704194346043238,0.805948514421698,0.154681528909284
2023-05-12,2023,5,12,6,Fri,0,124775,3685320.9199999995,2518856.0099999993,467951.35000000003,2388207.1,164745,98821,20556,1,233,29.535731677018628,20.187185013023438,3.7503614506111003,19.14010899619315,1.320336605890603,0.7919935884592266,0.16474454017231016
2023-05-13,2023,5,13,7,Sat,1,120856,3303454.5199999996,2312412.7200000007,411889.3,2067407.9500000007,169486,95411,20265,1,218,27.333806513536768,19.133619514132526,3.4080997219831866,17.106374114648844,1.402379691533726,0.7894601840206527,0.1676788905805256
2023-05-14,2023,5,14,1,Sun,1,108516,3207803.619999999,2248041.1799999997,509905.7699999999,1845364.4500000004,152798,85128,18653,1,218,29.560651148217765,20.71621862213867,4.698899424969589,17.005459563566667,1.4080688562055366,0.7844741789229238,0.17189170260606731
2023-05-15,2023,5,15,2,Mon,0,108020,3297325.1399999997,2248725.7399999998,431783.32,1960875.6333333333,138460,85525,18442,1,225,30.52513553045732,20.817679503795592,3.997253471579337,18.152894217120288,1.2817996667283835,0.7917515274949084,0.1707276430290687
2023-05-16,2023,5,16,3,Tue,0,123568,3671564.4000000004,2507693.2800000003,444924.88000000006,2354449.733333334,158884,99339,19758,1,226,29.71290625404636,20.294034701540856,3.6006480642237477,19.05387910570159,1.285802149423799,0.8039217273080409,0.1598957658940826
2023-05-17,2023,5,17,4,Wed,0,131115,3933988.1599999997,2686501.5900000003,609112.1599999999,2546410.45,167876,106141,19900,1,225,30.00410448842619,20.489658620295163,4.645632917667696,19.421198566144227,1.280372192350227,0.8095259886359303,0.15177515921137932
2023-05-18,2023,5,18,5,Thu,0,133503,4090115.739999999,2804555.46,522203.81000000006,2739926.4333333336,172504,107613,20421,1,232,30.636882616870025,21.00743399024741,3.911551126191921,20.52333230963599,1.2921357572489007,0.8060717736680074,0.1529628547673086
2023-05-19,2023,5,19,6,Fri,0,126764,3684456.21,2503871.9100000006,559024.72,2347127.616666666,169777,100494,20879,1,231,29.06547765927235,19.75223178504939,4.409964343188918,18.515726993994086,1.3393155785554258,0.7927645072733583,0.1647076457038276
2023-05-20,2023,5,20,7,Sat,1,118078,3317230.5300000003,2333458.8400000003,398314.71,2141068.766666666,162778,92343,19184,1,217,28.09355282101662,19.7620118904453,3.3733185690814547,18.132664566360084,1.378563322549501,0.7820508477447111,0.16246887650536088
2023-05-21,2023,5,21,1,Sun,1,101742,3197632.36,2256101.9299999997,436728.6,1888497.1333333328,140033,79909,17035,1,210,31.42883332350455,22.174735409172218,4.292510467653476,18.56162777745015,1.3763539148041124,0.7854081893416681,0.1674333117100116
2023-05-22,2023,5,22,2,Mon,0,102971,3097483.7499999986,2103624.58,595540.4100000001,1793830.5166666666,133257,81253,17785,1,230,30.081127210573836,20.429291548105777,5.783574113099807,17.420735126071094,1.294121645900302,0.7890862475842713,0.17271853240232687
2023-05-23,2023,5,23,3,Tue,0,115491,3338619.2499999995,2262157.54,397123.01000000007,2060809.45,147402,92669,18674,1,226,28.908046947381177,19.587305850672347,3.438562398801639,17.843896494099106,1.2763072447203678,0.8023915283442,0.16169225307599727
2023-05-24,2023,5,24,4,Wed,0,124415,3591724.3699999996,2431542.69,475406.51,2244605.116666666,158300,100074,19404,1,227,28.86890141863923,19.543806534581844,3.8211349917614434,18.04127409610309,1.2723546196198208,0.8043563878953502,0.1559619016999558
2023-05-25,2023,5,25,5,Thu,0,116118,3472828.829999999,2375782.7299999995,717928.9800000001,2209597.9666666663,150441,92283,19138,1,228,29.907756161835366,20.46007277080211,6.182753578256602,19.02890134747986,1.2955872474551748,0.7947346664599804,0.16481510187912296
2023-05-26,2023,5,26,6,Fri,0,101473,2991412.6099999994,2045935.0199999998,520523.01999999996,1756776.1833333338,138475,78121,18891,1,224,29.479887359198994,20.162358656982644,5.1296701585643465,17.31274509803922,1.3646487242911907,0.7698698175869443,0.18616774905639924
2023-05-27,2023,5,27,7,Sat,1,92875,2563960.539999999,1805826.0299999996,347553.85,1468885.0333333337,135736,69988,18774,1,215,27.606573781964997,19.443618088829066,3.7421679676985193,15.815720412741143,1.4614912516823688,0.75357200538358,0.20214266487213997
2023-05-28,2023,5,28,1,Sun,1,82585,2416608.63,1713858.58,345532.18,1341837.0833333333,120608,61435,17161,1,218,29.262077011563843,20.75266186353454,4.183958103771872,16.24795160541664,1.4604104861657685,0.7439002240116244,0.20779802627595811
2023-05-29,2023,5,29,2,Mon,0,74511,2349604.44,1656572.57,481751.86000000004,1199546.8499999999,105248,57014,13985,1,202,31.533658654426862,22.23259075841151,6.465513279918402,16.098922977815356,1.412516272765095,0.765175611654655,0.187690408127659
2023-05-30,2023,5,30,3,Tue,0,99312,2975522.1299999994,2041184.6,374630.4599999999,1799080.6333333333,128773,77790,17815,1,226,29.96135542532624,20.553252376349285,3.772257733204446,18.11544056441652,1.2966509585951345,0.7832890285161914,0.17938416304172708
2023-05-31,2023,5,31,4,Wed,0,113672,3304177.47,2254299.49,429854.61999999994,2067527.5000000002,146286,90688,18789,1,231,29.067646122176086,19.83161631712295,3.7815347666971633,18.188538074459853,1.2869132240129495,0.797804208600183,0.16529136462805263
2023-06-01,2023,6,1,5,Thu,0,122098,3627652.9199999985,2487796.64,564772.6699999997,2407952.4000000004,157450,97498,19721,1,231,29.71099379187209,20.375408606201578,4.6255685596815646,19.721472915199268,1.2895379121689134,0.7985224983210208,0.16151779717931497
2023-06-02,2023,6,2,6,Fri,0,117793,3363446.44,2285835.5000000005,532419.8099999998,2157838.7666666666,155896,92356,20244,1,229,28.55387365972511,19.40552919103852,4.519961372916895,18.31890491511946,1.3234742302174154,0.784053381779902,0.1718608066693267
2023-06-03,2023,6,3,7,Sat,1,116902,3176817.6199999996,2218422.510000001,436061.28,1940404.4000000001,164633,91923,19908,1,204,27.17504935758156,18.976771227181754,3.7301438811996377,16.59855605549948,1.408299259208568,0.7863252981129493,0.17029648765632752
2023-06-04,2023,6,4,1,Sun,1,99286,3087239.49,2175993.2499999995,453483.9600000001,1799438.1833333336,137415,78312,16522,1,215,31.094408980118047,21.91641570815623,4.567451201579277,18.12378566296692,1.3840319883971557,0.7887516870455049,0.16640815422113894
2023-06-05,2023,6,5,2,Mon,0,102431,3084046.549999999,2097073.0000000005,478591.73,1784573.616666667,132471,80673,17681,1,225,30.108527203678563,20.47303062549424,4.672332887504759,17.422202425697954,1.293270591910652,0.7875838369243686,0.17261375950639943
2023-06-06,2023,6,6,3,Tue,0,120083,3500866.69,2375095.2100000004,430425.48000000004,2184221.35,153375,96977,18807,1,228,29.15372442394011,19.778779760665543,3.58439979014515,18.189263675957463,1.2772415745775838,0.8075830883638816,0.1566166734675183
2023-06-07,2023,6,7,4,Wed,0,122750,3602816.6699999985,2451428.44,427118.97999999986,2254581.5500000003,156021,99554,18292,1,227,29.35084863543787,19.97090378818737,3.4795843584521373,18.367263136456213,1.2710468431771893,0.811030549898167,0.1490183299389002
2023-06-08,2023,6,8,5,Thu,0,118635,3452889.6399999987,2336227.55,511675.72000000003,2036248.8666666665,154440,96401,17817,1,230,29.105151430859348,19.692565853247356,4.313024992624436,17.16398083758306,1.301808066759388,0.8125848189825937,0.15018333544063725
2023-06-09,2023,6,9,6,Fri,0,114116,3300165.439999999,2240355.8400000003,482600.24,1954628.7499999998,152728,90709,18782,1,223,28.919392898454195,19.632267517263138,4.229032212836062,17.128437291878438,1.3383574608293316,0.7948841529671562,0.16458691156367206
2023-06-10,2023,6,10,7,Sat,1,111561,3033223.659999999,2118664.58,458583.89000000013,1856623.85,156997,87964,18707,1,209,27.188924982744858,18.991086311524636,4.110611145471985,16.642230259678563,1.4072749437527452,0.788483430589543,0.16768404729251263
2023-06-11,2023,6,11,1,Sun,1,96134,2999863.7600000002,2115271.0,427419.5799999999,1642985.35,132857,75418,16126,1,215,31.20502382091664,22.003359893482013,4.446081303180976,17.090575134707805,1.3819980443963633,0.7845091226829217,0.167745022572659
2023-06-12,2023,6,12,2,Mon,0,106206,3529707.0199999986,2522502.6799999997,435934.30000000005,1813851.3,136575,83888,17764,1,228,33.234534960360044,23.75103741784833,4.104610850611077,17.078614202587424,1.2859442969323767,0.7898612131141367,0.16725985349226974
2023-06-13,2023,6,13,3,Tue,0,116688,3406200.7999999993,2315577.08,461347.05,2108784.816666666,149723,93616,18867,1,234,29.190669134786777,19.84417489373372,3.953680327025915,18.071993835412947,1.2831053750171397,0.8022761552173316,0.1616875771287536
2023-06-14,2023,6,14,4,Wed,0,121648,3538914.09,2403445.84,487087.56999999995,2190959.966666667,155434,98325,18631,1,230,29.09142846573721,19.75738063922136,4.0040738031040375,18.010653415318515,1.2777357621991319,0.808274694199658,0.153155004603446
2023-06-15,2023,6,15,5,Thu,0,126748,3768466.399999999,2570139.4200000004,491314.02,2356793.9166666665,163737,102119,19397,1,233,29.73195947865054,20.277554044245278,3.876305898317922,18.594328247125528,1.2918310348092277,0.8056852968094171,0.1530359453403604
2023-06-16,2023,6,16,6,Fri,0,110265,3290531.8600000003,2260548.51,469042.85,2056710.7833333337,146159,86224,18664,1,232,29.842033827597156,20.501052101754862,4.253778170770416,18.652435345153346,1.3255248718995147,0.7819707069332971,0.1692649526141568
2023-06-17,2023,6,17,7,Sat,1,105063,2867425.6599999997,2005735.4100000001,393082.38,1705347.6,149327,82137,18345,1,220,27.292440345316617,19.09078752748351,3.7413968761600183,16.231666714257162,1.4213091192903307,0.7817880700151337,0.17460952000228436
2023-06-18,2023,6,18,1,Sun,1,91318,2713773.6,1911228.5400000007,400131.12000000005,1487771.9833333334,129794,70084,16846,1,208,29.71783876125189,20.929373617468634,4.381733283689963,16.292209458522233,1.4213408090409339,0.7674719113427801,0.18447622593574103
2023-06-19,2023,6,19,2,Mon,0,85542,2667423.61,1820956.2600000002,413610.06999999995,1438424.5499999996,116173,66383,15632,1,205,31.182619181220918,21.287277127025323,4.835169507376492,16.815418741670754,1.3580814103013725,0.7760281499146618,0.18274064202380116
2023-06-20,2023,6,20,3,Tue,0,107234,3249153.9199999995,2228475.0999999996,390120.35000000003,2019154.2333333334,138658,85380,17882,1,225,30.299661674468915,20.781422869612246,3.6380285170748086,18.829421949506067,1.2930413861275343,0.7962026969058321,0.1667568122050842
2023-06-21,2023,6,21,4,Wed,0,115273,3425379.2799999993,2340876.330000001,659281.9099999997,2166210.733333334,149198,92341,18689,1,224,29.71536508983022,20.30723872893046,5.719309031603235,18.792004487896854,1.2943013541766069,0.8010635621524554,0.1621281653119117
2023-06-22,2023,6,22,5,Thu,0,120489,3550456.0799999987,2416836.7800000007,562986.6900000001,2197009.3,156126,96958,18835,1,230,29.46705574782759,20.05856783606803,4.672515250354805,18.234106847928025,1.2957697383163609,0.8047041638655811,0.15632132393828482
2023-06-23,2023,6,23,6,Fri,0,113453,3326822.96,2267442.21,522413.61000000004,2022776.116666667,153641,89740,18974,1,225,29.32335821882189,19.985740438772,4.604669863291408,17.829199022208904,1.3542259790397786,0.790988338783461,0.1672410601746979
2023-06-24,2023,6,24,7,Sat,1,108152,3019269.6200000006,2114514.8800000004,427834.7100000001,1814293.5500000003,153300,85087,18263,1,209,27.916909719653827,19.55132480213034,3.955864986315557,16.775404523263557,1.4174495154967084,0.7867353354538058,0.16886419113839782
2023-06-25,2023,6,25,1,Sun,1,93591,2922905.6399999997,2064880.4300000002,390463.93,1621233.3333333335,130454,73377,15799,1,212,31.230627303907422,22.06280977871804,4.172024339947217,17.32253457419339,1.3938733425222511,0.7840176940090393,0.16880896667414602
2023-06-26,2023,6,26,2,Mon,0,99017,3036933.809999999,2089874.0900000003,457166.4200000001,1734805.0166666668,130049,76992,17896,1,218,30.670832382318178,21.106214993384977,4.617049799529375,17.520274464654218,1.3134007291677188,0.7775634487007281,0.1807366411828272
2023-06-27,2023,6,27,3,Tue,0,108498,3233310.9499999997,2216480.82,483132.59000000014,1929033.2166666668,140209,85840,18219,1,226,29.800650242400778,20.428771221589336,4.452917012295159,17.77943571924521,1.2922726686206196,0.7911666574499069,0.16792014599347455
2023-06-28,2023,6,28,4,Wed,0,104993,3120439.89,2125582.49,460879.2700000001,1798891.05,133401,82465,17632,1,225,29.720456506624252,20.244992428066634,4.38961902222053,17.133437943481947,1.2705704189803129,0.7854333146019259,0.16793500519082225
2023-06-29,2023,6,29,5,Thu,0,104245,3220591.339999999,2228086.95,843200.84,2019226.0166666666,134278,81415,17768,1,225,30.894444241930056,21.373561801525256,8.088645402657201,19.37000351735495,1.2881001486881865,0.7809966904887524,0.17044462564151758
2023-06-30,2023,6,30,6,Fri,0,94213,2794607.269999999,1919725.59,398495.8300000001,1644524.9000000006,126811,71986,17658,1,230,29.662650271193986,20.37644051245582,4.2297329455595305,17.45539256790465,1.3460032055024254,0.7640771443431373,0.18742636366531157
2023-07-01,2023,7,1,7,Sat,1,80253,2255208.889999999,1589393.9999999998,322887.4,1272677.1666666665,116917,60227,16821,1,213,28.101240950494052,19.804792344211428,4.02336859681258,15.858312669515987,1.4568551954444071,0.7504641571031613,0.20959964113491084
2023-07-02,2023,7,2,1,Sun,1,67608,1944862.6199999996,1375974.5199999996,282560.08,1047165.7,99851,49753,15082,1,211,28.766752751153703,20.3522441131227,4.179388238078334,15.488783871731155,1.4769110164477577,0.7359040350254408,0.22308010886285648
2023-07-03,2023,7,3,2,Mon,0,63672,1852268.9699999997,1279842.94,301993.1499999999,963249.3666666667,92061,45899,15200,1,219,29.090792970222385,20.100561314235456,4.742950590526447,15.128303911714202,1.4458631737655485,0.7208663148636764,0.2387234577208192
2023-07-04,2023,7,4,3,Tue,0,56794,1731875.7200000002,1226568.29,286404.97,918796.5500000002,83494,42498,11776,1,207,30.493990914533228,21.596793499313307,5.042873719054829,16.177704511039902,1.4701200831073704,0.7482832693594393,0.20734584639222453
2023-07-05,2023,7,5,4,Wed,0,83833,2460205.7399999993,1691672.05,314893.68000000005,1381564.3000000003,114477,63118,17604,1,212,29.346507222692725,20.179070890937936,3.756201972970072,16.479957773191945,1.3655362446769173,0.7529016019944413,0.2099889065165269
2023-07-06,2023,7,6,5,Thu,0,91966,2662818.1899999995,1830096.0599999998,427525.5500000001,1614847.2666666664,124101,70538,18147,1,223,28.954376508709736,19.89970271622121,4.648734858534677,17.559176942203276,1.3494226127046953,0.7670008481395298,0.1973229236891895
2023-07-07,2023,7,7,6,Fri,0,89527,2552870.4699999993,1747404.46,527266.48,1507317.3666666667,123722,68632,17804,1,227,28.51509008455549,19.51818401152725,5.889468875311358,16.83645566886712,1.3819518134194153,0.7666067219944821,0.1988673807901527
2023-07-08,2023,7,8,7,Sat,1,89812,2497606.4599999995,1750351.09,406623.07,1472247.0999999999,131298,69677,17036,1,221,27.809273371041726,19.48905591680399,4.527491537879126,16.392543312697633,1.4619204560637777,0.775809468667884,0.189685120028504
2023-07-09,2023,7,9,1,Sun,1,78738,2321964.4499999997,1638148.71,517706.28,1285138.4166666665,113189,61246,14572,1,205,29.489756534329036,20.80505867560771,6.575049912367599,16.32170510638658,1.4375396885874674,0.7778455129670553,0.18506947090350276
2023-07-10,2023,7,10,2,Mon,0,87768,2690063.42,1839518.37,369931.64999999997,1498802.6166666667,116637,68185,16666,1,226,30.649706271078298,20.958873051681707,4.2148807082307895,17.07686875246863,1.3289239814055236,0.7768776775134445,0.1898869747516179
2023-07-11,2023,7,11,3,Tue,0,102514,3019746.549999999,2060328.08,388616.4099999999,1807314.9499999997,133610,80936,17921,1,229,29.456918567220075,20.098016661138967,3.7908618335056667,17.629932984763055,1.3033341787463175,0.7895116764539477,0.1748151471994069
2023-07-12,2023,7,12,4,Wed,0,109112,3136929.17,2136686.77,437834.9100000001,1941141.4,142841,86785,18401,1,222,28.749625797345846,19.58250943984163,4.01271088422905,17.79035669770511,1.3091227362709876,0.7953753940904759,0.16864322897573136
2023-07-13,2023,7,13,5,Thu,0,111835,3229212.999999999,2200549.8600000003,398899.04000000004,1989688.4833333332,145816,88680,18674,1,227,28.8747976930299,19.676754683238702,3.5668533106809144,17.79128612092219,1.3038494210220415,0.7929539053069253,0.16697813743461348
2023-07-14,2023,7,14,6,Fri,0,97996,2849414.8799999994,1948256.2,379765.82,1718905.1999999997,132721,76605,17044,1,221,29.0768488509735,19.880976774562228,3.875319604881832,17.540564921017182,1.354351198008082,0.7817155802277644,0.17392546634556513
2023-07-15,2023,7,15,7,Sat,1,99851,2781393.56,1961268.9000000004,495395.7199999998,1695981.5166666666,142831,76741,18165,1,216,27.855440205906802,19.64195551371544,4.961349610920269,16.98512299993657,1.430441357622858,0.7685551471692822,0.1819210623829506
2023-07-16,2023,7,16,1,Sun,1,79906,2430780.7799999993,1720230.3599999999,578625.61,1326900.7499999998,112357,61412,14286,1,209,30.42050384201436,21.528175105749252,7.241328686206292,16.605771156108425,1.4061146847545867,0.7685530498335544,0.17878507246014066
2023-07-17,2023,7,17,2,Mon,0,92732,2855762.95,1962417.5200000003,400707.42000000004,1642753.9,122757,71597,17441,1,227,30.795873592718806,21.162247336410303,4.321134236293837,17.71507031014105,1.3237825130483545,0.7720851486002674,0.18807962731311736
2023-07-18,2023,7,18,3,Tue,0,105341,3085176.619999999,2109273.64,389304.79000000004,1857874.75,135564,83664,17592,1,226,29.28751976913072,20.023292355303255,3.6956625625350057,17.636767735259774,1.2869063327669188,0.7942206738117162,0.16700050312793688
2023-07-19,2023,7,19,4,Wed,0,109825,3224848.3499999996,2200676.6300000004,571404.9300000003,1935639.2999999998,141843,87654,18028,1,232,29.363517869337578,20.038029865695428,5.202867562030506,17.62476030047803,1.2915365353972228,0.7981242886410198,0.16415206009560665
2023-07-20,2023,7,20,5,Thu,0,110521,3250052.7199999993,2222073.590000001,482669.89,2034026.45,144328,87420,18799,1,227,29.406653215226058,20.105442314130354,4.367223333122213,18.403981596257726,1.3058875688783127,0.7909808995575501,0.17009437120547227
2023-07-21,2023,7,21,6,Fri,0,99390,2884260.3899999987,1969592.17,366940.71,1677640.4166666667,135356,77044,17940,1,227,29.019623603984293,19.816804205654492,3.6919278599456686,16.879368313378276,1.3618673910856223,0.7751685280209276,0.1805010564443103
2023-07-22,2023,7,22,7,Sat,1,98695,2744332.07,1933991.28,369037.29,1639211.05,140994,75603,18255,1,209,27.806191499062766,19.595635847813973,3.7391690561831905,16.608856071736156,1.4285830082577637,0.766026647753179,0.18496377729368255
2023-07-23,2023,7,23,1,Sun,1,85914,2571650.01,1808958.4400000006,374020.0199999999,1416851.7499999998,121608,66052,15669,1,209,29.93283993295621,21.055455921037325,4.353423423423422,16.491511860697905,1.4154619736015084,0.7688153269548619,0.18238005447307773
2023-07-24,2023,7,24,2,Mon,0,88829,2628695.3699999996,1793498.3799999997,408581.1699999999,1471379.3499999999,117729,68553,16842,1,219,29.592761035247495,20.190460097490682,4.599637168041967,16.564177802294296,1.3253442006551914,0.7717412106406691,0.18960024316383164
2023-07-25,2023,7,25,3,Tue,0,101771,2945331.2299999995,2019047.1800000002,596837.9299999998,1847024.65,131687,80273,17225,1,220,28.940771241316284,19.839120967662694,5.864518674278526,18.148830708158513,1.2939540733607806,0.7887610419471166,0.16925253755981567
2023-07-26,2023,7,26,4,Wed,0,108084,3205234.0799999987,2196604.0100000007,425788.92,1963742.7833333332,139594,85729,17668,1,223,29.655028311313412,20.323119148070028,3.9394260019984455,18.168672359769563,1.2915325117501202,0.7931701269383072,0.1634654527959735
2023-07-27,2023,7,27,5,Thu,0,111650,3201590.2399999993,2184278.8400000003,488361.4699999999,1972366.1500000001,144921,88504,18075,1,223,28.675237259292427,19.563625974025978,4.374039140170174,17.6656171070309,1.2979937304075235,0.7926914464845499,0.1618898343036274
2023-07-28,2023,7,28,6,Fri,0,101827,2954170.849999999,2020223.4,430383.83999999997,1798251.5166666666,137605,78483,18282,1,223,29.011665373623885,19.839761556365207,4.226618087540633,17.659869353576816,1.3513606410873344,0.7707484262523692,0.179539807713082
2023-07-29,2023,7,29,7,Sat,1,96467,2631256.3999999994,1847794.7299999997,358983.37,1566787.566666667,136885,74138,17063,1,214,27.27623332331263,19.154682222936337,3.721307493754341,16.241694741897923,1.4189826572817648,0.7685322441871314,0.1768791400167933
2023-07-30,2023,7,30,1,Sun,1,87183,2677858.74,1892211.03,388573.1700000001,1519122.7333333332,121391,66590,15400,1,212,30.715377309796636,21.70389903995045,4.456983242145832,17.424529246909756,1.3923700721470929,0.7637956941146783,0.1766399412729546
2023-07-31,2023,7,31,2,Mon,0,84999,2557059.7,1754827.0899999999,408362.63,1441389.4,112876,65189,16096,1,227,30.08340921657902,20.645267473734982,4.804322756738315,16.95772185555124,1.327968564336051,0.7669384345698185,0.18936693372863211
2023-08-01,2023,8,1,3,Tue,0,97377,2810483.0299999993,1919650.1899999995,405198.6200000001,1686140.8166666667,126178,76363,17166,1,224,28.86187734269899,19.713589348614143,4.161132711009788,17.315596256473977,1.2957679944956202,0.7841995543095392,0.17628392741612495
2023-08-02,2023,8,2,4,Wed,0,100547,2871848.0099999993,1957496.3399999999,405704.50000000006,1748811.3499999999,130822,79155,17378,1,227,28.5622446219181,19.468470864371884,4.034973693894398,17.39297393258874,1.3011029667717584,0.7872437765423136,0.17283459476662655
2023-08-03,2023,8,3,5,Thu,0,101924,2952845.73,2014434.3199999996,403679.9800000001,1790452.3833333335,133759,79970,17955,1,234,28.97105421686747,19.76408225736823,3.960597896471882,17.566543535706344,1.312340567481653,0.7846042149052235,0.1761606687335662
2023-08-04,2023,8,4,6,Fri,0,90945,2667770.7699999996,1830504.4399999997,348149.3500000001,1590214.1333333333,124136,70132,16829,1,228,29.33389158282478,20.127598438616744,3.8281307383583494,17.485448714424468,1.3649568420473912,0.7711473967782726,0.18504590686678762
2023-08-05,2023,8,5,7,Sat,1,92019,2507139.86,1760564.3199999998,337144.8600000001,1514989.7833333332,132885,69529,17899,1,213,27.245893348112887,19.132617394233797,3.6638613764548635,16.463880104471176,1.4441039350568905,0.7555939534226627,0.19451417642008714
2023-08-06,2023,8,6,1,Sun,1,80125,2384706.44,1676634.8799999997,322377.5799999999,1334629.8666666665,114066,60762,15323,1,218,29.76232686427457,20.925240312012477,4.023433135725428,16.656847009880394,1.423600624024961,0.7583400936037441,0.1912386895475819
2023-08-07,2023,8,7,2,Mon,0,82652,2420388.56,1663486.46,308055.6,1349031.7666666668,108435,62487,16031,1,233,29.28408943522238,20.126390891932438,3.7271402990853213,16.321828469567183,1.3119464743744857,0.7560252625465809,0.19395779896433238
2023-08-08,2023,8,8,3,Tue,0,94660,2763440.88,1888570.72,491801.51,1589301.2000000002,122746,74143,16939,1,228,29.193332769913372,19.95109571096556,5.195452250158462,16.789575322205792,1.2967039932389606,0.7832558630889499,0.17894570040143673
2023-08-09,2023,8,9,4,Wed,0,99144,2819791.36,1918699.7400000002,353292.77999999997,1707389.7666666661,129628,77933,17473,1,233,28.44137174211248,19.352656136528687,3.5634307673686756,17.22131209822749,1.3074719599774065,0.7860586621479868,0.17623860243685951
2023-08-10,2023,8,10,5,Thu,0,103708,2991233.9700000007,2041592.8399999999,596743.9000000001,1850394.5333333337,134088,81566,17351,1,228,28.84284693562696,19.685972538280556,5.75407779534848,17.842350959745957,1.292937864002777,0.786496702279477,0.16730628302541753
2023-08-11,2023,8,11,6,Fri,0,91310,2671773.7200000007,1831267.1200000003,359146.98000000004,1577898.9166666667,124958,69796,17469,1,226,29.26047223743293,20.055493593253754,3.933271054648998,17.280680283284052,1.3685029022012922,0.7643850618771219,0.19131529952907678
2023-08-12,2023,8,12,7,Sat,1,89405,2475827.7699999996,1740640.5300000003,383752.75999999995,1457107.2499999998,127785,67983,16885,1,208,27.692274145741283,19.46916313405291,4.29229640400425,16.297827302723558,1.429282478608579,0.7603937139980985,0.18885968346289358
2023-08-13,2023,8,13,1,Sun,1,79694,2498739.080000001,1777828.6300000001,375761.60000000003,1419793.7833333334,111611,60409,14705,1,210,31.354168193339536,22.308186689085755,4.715055085702813,17.815566834809815,1.40049439104575,0.7580118955002886,0.1845182824302959
2023-08-14,2023,8,14,2,Mon,0,82576,2453175.8300000005,1684042.94,545136.72,1347402.1166666672,110372,62705,16596,1,225,29.708097146870767,20.393854630885485,6.601636310792482,16.31711534424854,1.3366111218756056,0.7593610734353807,0.2009784925402054
2023-08-15,2023,8,15,3,Tue,0,92155,2619318.87,1780632.5499999993,706889.0399999999,1501399.416666667,120462,72222,16537,1,219,28.422970755791873,19.322148011502353,7.6706531387336545,16.292110212866007,1.3071672725299768,0.7837013726873203,0.17944766968694048
2023-08-16,2023,8,16,4,Wed,0,98499,2818851.0600000005,1919728.89,351861.76000000007,1682920.366666667,128676,77195,17518,1,231,28.61806779764262,19.48983126732251,3.5722368755012748,17.085659414477984,1.3063685925745439,0.7837135402389872,0.1778495213149372
2023-08-17,2023,8,17,5,Thu,0,98921,2857689.59,1944466.9199999997,341464.98999999993,1690158.4499999997,129787,77802,17199,1,229,28.88860393647456,19.656765701923753,3.4518958562893616,17.08594181215313,1.3120267688357377,0.7865064041002416,0.1738660142942348
2023-08-18,2023,8,18,6,Fri,0,88749,2623222.11,1801672.0299999998,789754.5,1558083.9666666668,120939,67578,17017,1,228,29.557765270594597,20.300758656435562,8.898742521042491,17.556073495663803,1.3627083122063348,0.7614508332488253,0.19174300555499216
2023-08-19,2023,8,19,7,Sat,1,89235,2536162.27,1798298.7,434896.43999999994,1536772.35,127001,67022,17311,1,212,28.421160643245365,20.152391998655236,4.873608337535719,17.22163220709363,1.4232195887263965,0.7510730094693786,0.1939933882445229
2023-08-20,2023,8,20,1,Sun,1,77372,2407436.69,1706092.5799999996,361331.00000000006,1355558.3166666664,108793,58437,14841,1,201,31.115089308793877,22.050516724396417,4.67004859639146,17.52001133054162,1.406102982991263,0.7552732254562374,0.19181357597063536
2023-08-21,2023,8,21,2,Mon,0,78966,2369080.6699999995,1627481.2999999998,334834.05000000005,1285576.6833333336,105269,59703,15985,1,224,30.001274852468143,20.60989919712281,4.240230605577084,16.28012921172826,1.333092723450599,0.7560595699414938,0.20242889344781298
2023-08-22,2023,8,22,3,Tue,0,85907,2506589.4799999995,1715089.5699999998,374029.16,1435546.65,112691,66278,16171,1,222,29.177942193302055,19.964491484977938,4.353884549571047,16.71047353533472,1.3117790168437962,0.7715087245509679,0.18823844389863456
2023-08-23,2023,8,23,4,Wed,0,91174,2642008.01,1803227.5499999998,694259.3700000001,1552000.3666666667,119959,70964,16564,1,226,28.977647245925372,19.777870335841357,7.614663939280937,17.022400757525904,1.3157150064711431,0.7783359291025951,0.18167460021497356
2023-08-24,2023,8,24,5,Thu,0,94398,2787037.4000000004,1912064.39,367356.24000000005,1715289.8166666664,123218,73565,16780,1,224,29.524326786584467,20.25534852433314,3.891568041695799,18.170827948332235,1.3053030784550521,0.7793067649738342,0.17775800334752856
2023-08-25,2023,8,25,6,Fri,0,88133,2588982.01,1774431.8599999996,350118.88999999996,1490716.2166666663,119324,67493,16546,1,228,29.375852518352943,20.13356926463413,3.97261967707896,16.914393208748894,1.3539082976864512,0.7658084939806883,0.18773898539707035
2023-08-26,2023,8,26,7,Sat,1,89740,2518630.3899999997,1777035.27,595824.57,1478483.5666666664,128072,67972,17409,1,211,28.065861265879203,19.802042233117895,6.6394536438600396,16.47519017903573,1.4271450858034322,0.7574325830176064,0.19399375975039002
2023-08-27,2023,8,27,1,Sun,1,80566,2455033.96,1734542.7,575758.5700000001,1361280.1333333333,113067,61022,15049,1,220,30.472332745823298,21.529462800685153,7.146421195045057,16.89645921770143,1.403408385671375,0.7574162798202716,0.18679095400044685
2023-08-28,2023,8,28,2,Mon,0,77302,2381207.16,1641472.1000000003,332718.75999999995,1325205.3666666667,102635,58668,15411,1,229,30.8039528084655,21.234535975783295,4.30414167809371,17.14322225384423,1.3277146774986417,0.7589454347882332,0.1993609479702983
2023-08-29,2023,8,29,3,Tue,0,92756,2741820.91,1892737.4300000002,472683.9,1623325.3000000003,120994,71919,17091,1,224,29.559499223769894,20.405552524904053,5.095992712061753,17.50102742679719,1.3044331364008797,0.7753568502307129,0.18425762214843244
2023-08-30,2023,8,30,4,Wed,0,91219,2714745.5599999996,1869192.9200000002,324621.65,1643164.4333333336,118519,70709,16531,1,218,29.760746774246588,20.4912673894693,3.5587065194751095,18.01340108237685,1.2992797553141342,0.7751564915204069,0.18122321007684802
2023-08-31,2023,8,31,5,Thu,0,90175,2800450.72,1935018.27,344882.71,1711316.8500000003,118981,69821,16500,1,230,31.05573296368173,21.45847818131411,3.82459340171888,18.97773052398115,1.3194455225949542,0.7742833379539784,0.18297754366509564
2023-09-01,2023,9,1,6,Fri,0,85536,2655659.5600000005,1833094.24,354384.48000000004,1560164.0333333337,118457,64954,16899,1,232,31.04727319491209,21.430675271230825,4.143103254769922,18.239852615662805,1.3848788814066593,0.7593761690983913,0.19756593714927048
2023-09-02,2023,9,2,7,Sat,1,81335,2513622.639999999,1833927.4999999995,333004.67,1316423.7,120560,60511,17159,1,216,30.90456310321509,22.547826888793256,4.09423581483986,16.18520563103215,1.482264707690416,0.7439724595807463,0.21096698838138564
2023-09-03,2023,9,3,1,Sun,1,77905,2333150.12,1663481.5099999993,314504.42,1325149.5166666666,113891,57816,15991,1,211,29.948656953982415,21.352692510108458,4.037024837943649,17.00981344800291,1.4619215711443425,0.7421346511777165,0.20526282010140556
2023-09-04,2023,9,4,2,Mon,0,71815,2346315.9099999997,1657466.8900000001,369353.93,1162298.7000000002,101343,54443,13424,1,213,32.671669010652366,23.079675415999446,5.1431306830049435,16.184622989626124,1.411167583373947,0.7581006753463762,0.18692473717190003
2023-09-05,2023,9,5,3,Tue,0,101622,3239616.4899999993,2269924.83,405353.29000000004,1854885.3333333335,130666,79488,17854,1,229,31.879086123083578,22.336943083190647,3.9888340123201673,18.252793030380563,1.285804254984157,0.782192832260731,0.17569030328078566
2023-09-06,2023,9,6,4,Wed,0,116602,3454826.2799999993,2367418.0199999996,458795.5,2173853.883333333,148242,93190,18374,1,228,29.629219738941007,20.30340834634054,3.934713812799094,18.64336703772948,1.2713504056534193,0.7992144217080325,0.1575787722337524
2023-09-07,2023,9,7,5,Thu,0,128105,3794621.22,2608576.09,507207.98,2474355.9833333334,162851,102638,19320,1,225,29.621179657312364,20.362796846336987,3.9593144685999766,19.31506173321364,1.271230631122907,0.8012021388704579,0.15081378556652747
2023-09-08,2023,9,8,6,Fri,0,123376,3761238.28,2606215.4499999997,560832.0999999999,2431192.4666666673,159482,96935,19168,1,227,30.4859800933731,21.124168801063412,4.545714725716508,19.705554294730476,1.292650110232136,0.7856876540007781,0.15536246919984437
2023-09-09,2023,9,9,7,Sat,1,115959,3339020.5,2361063.8499999996,429422.96999999986,2113189.5833333335,159699,91386,18009,1,218,28.794836968238773,20.36119533628265,3.7032310558042054,18.22359267787178,1.377202287015238,0.7880888934882156,0.15530489224639743
2023-09-10,2023,9,10,1,Sun,1,103917,3132534.56,2213703.5600000005,415542.23,1777413.1333333335,139111,80078,16265,1,216,30.144582310882726,21.302612277105773,3.998789707170145,17.104161333885056,1.338674134164766,0.7705957639269801,0.1565191450869444
2023-09-11,2023,9,11,2,Mon,0,106231,3340104.5900000017,2307455.12,487547.35000000015,2069562.8333333335,133222,82989,17231,1,230,31.441901045834094,21.721108904180515,4.589501652060134,19.481722221699254,1.25407837636848,0.781212640378044,0.1622031233820636
2023-09-12,2023,9,12,3,Tue,0,117842,3629525.9000000004,2499987.24,408310.22,2333651.1833333336,146259,94071,17816,1,227,30.799934658271248,21.214738717944368,3.464895538093379,19.803221120935945,1.2411449228628164,0.7982807487992397,0.15118548565027748
2023-09-13,2023,9,13,4,Wed,0,117487,3499037.9800000004,2390104.9000000004,521376.7300000001,2195655.1666666665,145737,95103,16975,1,223,29.782341705890868,20.34356907572753,4.43773974992978,18.688494613588453,1.240452135129844,0.8094767931771175,0.1444840705780214
2023-09-14,2023,9,14,5,Thu,0,123839,3767182.6100000003,2582649.1700000004,617303.43,2459696.7500000005,155761,100022,18161,1,229,30.420001857250142,20.854893611867023,4.984725571104418,19.86205274590396,1.2577701693327628,0.8076777105758283,0.14665008599875645
2023-09-15,2023,9,15,6,Fri,0,115285,3470037.3,2382866.1499999994,511581.60999999987,2200687.9666666673,150611,90772,18502,1,224,30.099642624799408,20.669351173179507,4.437538361452052,19.089109308814393,1.3064232120397277,0.7873704298043978,0.1604892223619725
2023-09-16,2023,9,16,7,Sat,1,110477,3060657.939999999,2157458.2399999998,354241.25999999995,1908239.7666666668,151514,84996,18216,1,207,27.704028349792257,19.528573730278698,3.2064706681028627,17.272733389453613,1.3714528815952642,0.7693547073146447,0.1648849986875096
2023-09-17,2023,9,17,1,Sun,1,93916,3047268.55,2170980.66,431824.36000000004,1887077.366666667,124837,72175,14959,1,209,32.44674549597512,23.116195962349334,4.597985007879382,20.09324680210685,1.3292410238936923,0.7685058988883683,0.15928063375782614
2023-09-18,2023,9,18,2,Mon,0,95443,3117511.380000001,2172931.9799999995,373886.1200000001,2002662.0333333334,118169,74248,14935,1,227,32.66359376800814,22.766803013316842,3.9173760254811785,20.982806841081416,1.2381107048185829,0.7779302829961339,0.15648083149104702
2023-09-19,2023,9,19,3,Tue,0,103453,3181841.130000001,2197890.79,442316.49999999994,2056607.416666667,128470,81757,16161,1,227,30.756393048050814,21.245307434293835,4.275530917421437,19.879630524650487,1.2418199568886354,0.7902815771413105,0.15621586614211283
2023-09-20,2023,9,20,4,Wed,0,107253,3337416.84,2302872.9500000007,657384.4200000002,2183195.1,134193,85500,16249,1,225,31.11723532208889,21.471408258976446,6.129287012950688,20.35556208217952,1.2511817851248916,0.7971804984475959,0.15150158969912264
2023-09-21,2023,9,21,5,Thu,0,41543,1243359.33,887186.3,152359.52000000002,831520.4333333333,46777,30114,6352,1,221,29.92945454107792,21.355855378764172,3.6675136605444965,20.0158975840294,1.1259899381363887,0.7248874659990853,0.15290181257973665
2023-09-22,2023,9,22,6,Fri,0,4619,138944.41,107832.09000000001,64152.83,95798.4,34,10,9,1,145,30.081058670707947,23.345332323013643,13.88890019484737,20.740073609006277,0.0073609006278415245,0.002164970772894566,0.0019484736956051094
2023-09-23,2023,9,23,7,Sat,1,5704,158259.91999999998,122005.51000000001,47483.679999999986,102674.86666666668,28,11,6,1,143,27.745427769985973,21.389465287517535,8.32462833099579,18.000502571295,0.004908835904628331,0.0019284712482468443,0.0010518934081346423
2023-09-24,2023,9,24,1,Sun,1,4792,132546.59,100222.31,41085.219999999994,76779.41666666666,144,108,16,1,150,27.65997287145242,20.914505425709514,8.573710350584307,16.022415831942123,0.03005008347245409,0.022537562604340568,0.00333889816360601
2023-09-25,2023,9,25,2,Mon,0,90378,2629190.1000000006,1772600.9400000002,468098.8499999999,1427247.35,117260,70648,14985,1,223,29.091040961295896,19.613190599482177,5.179345083980614,15.791977583040122,1.2974396423908474,0.7816946602049172,0.16580362477594104
2023-09-26,2023,9,26,3,Tue,0,111464,3289431.04,2249563.2,422201.73999999993,2084252.3833333333,137576,88869,16605,1,229,29.511151941434004,20.181970860546905,3.787785652766812,18.698883795066866,1.2342639776071198,0.797288810737099,0.1489718653556305
2023-09-27,2023,9,27,4,Wed,0,117971,3481257.5700000003,2375592.9899999998,392983.42999999993,2204866.1166666667,146999,94161,17589,1,227,29.509435115409723,20.137092929618294,3.331186732332522,18.68989935379599,1.2460604724890014,0.7981707368760119,0.14909596426240349
2023-09-28,2023,9,28,5,Thu,0,126198,3823852.0399999996,2616153.3900000006,686208.7600000001,2521549.216666667,156715,100366,18573,1,229,30.300417122299873,20.73054557124519,5.437556538138482,19.980896818227443,1.2418184123361702,0.7953057893152031,0.14717348927875243
2023-09-29,2023,9,29,6,Fri,0,103917,3532626.959999999,2495975.15,467470.27,2320152.616666666,127590,77991,15448,1,225,33.99469730650422,24.018930011451445,4.498496588623613,22.326978421881563,1.2278068073558706,0.7505124281878807,0.1486571013404929
2023-09-30,2023,9,30,7,Sat,1,111990,3059380.3,2129038.3600000003,361986.0099999999,1842261.466666667,154297,88073,17713,1,217,27.318334672738636,19.010968479328515,3.2323065452272517,16.450231865940413,1.3777748013215465,0.7864362889543709,0.1581659076703277
2023-10-01,2023,10,1,1,Sun,1,101754,3121818.139999999,2202813.36,488527.20999999996,1795253.4500000002,136405,78632,15972,1,213,30.680053265719277,21.648420307801167,4.801061481612516,17.64307496511194,1.3405369813471706,0.7727656898008923,0.15696680228787074
2023-10-02,2023,10,2,2,Mon,0,98721,3041869.079999999,2083118.9999999998,378539.26999999996,1815306.0833333333,125902,77595,16764,1,231,30.812786337253463,21.10107272008995,3.8344351252519724,18.388246506146952,1.2753314897539532,0.7860029780897682,0.1698118941258699
2023-10-03,2023,10,3,3,Tue,0,111644,3251829.8900000006,2210611.5300000003,400381.74000000005,2003454.8333333335,140297,88626,17600,1,228,29.12677698756763,19.800540378345456,3.5862360717996493,17.945029140243395,1.2566461251836194,0.7938268066353767,0.1576439396653649
2023-10-04,2023,10,4,4,Wed,0,117865,3426354.4100000006,2326645.2700000005,395230.57,2130220.2166666663,147601,94039,17990,1,228,29.070160013574856,19.73991659949943,3.3532479531667585,18.073390885052106,1.252288635303101,0.7978534764349043,0.15263224875917364
2023-10-05,2023,10,5,5,Thu,0,122337,3670205.6900000004,2505606.84,418324.5100000001,2291736.3000000003,154371,97410,18373,1,226,30.000782183640275,20.481185904509672,3.4194439131252206,18.73297775815984,1.2618504622477256,0.7962431643738198,0.1501835094860917
2023-10-06,2023,10,6,6,Fri,0,114916,3441861.63,2354089.1499999994,423169.07999999996,2158811.666666666,151476,90032,18037,1,225,29.951108896933412,20.485303613073892,3.6824208987434295,18.78599730817872,1.3181454279647742,0.7834592223885273,0.1569581259354659
2023-10-07,2023,10,7,7,Sat,1,111691,3011059.0900000003,2099563.49,390930.52,1869238.316666667,156170,87225,17523,1,206,26.958833657143373,18.797964831544174,3.5001076183398845,16.735800706114787,1.3982326239356797,0.7809492259895605,0.15688820048168609
2023-10-08,2023,10,8,1,Sun,1,97099,2984078.119999999,2106695.5799999996,419986.63,1714809.2499999998,133728,74748,16046,1,220,30.732325976580594,21.696367418819964,4.325344545257932,17.660421322567686,1.3772335451446462,0.7698122534732592,0.16525401909391446
2023-10-09,2023,10,9,2,Mon,0,84573,2647133.340000001,1862667.27,345242.43999999994,1484493.3166666667,111419,65514,14804,1,224,31.2999815543968,22.024372672129402,4.082182729712792,17.552804283478967,1.3174299126198667,0.7746443900535632,0.1750440447897083
2023-10-10,2023,10,10,3,Tue,0,109394,3318758.0399999986,2273847.94,395593.5899999999,2062747.8666666665,138561,86884,17129,1,228,30.337660566393026,20.785856079858128,3.6162274896246585,18.856133486906653,1.2666233979925774,0.7942300308974898,0.15658079967822733
2023-10-11,2023,10,11,4,Wed,0,117180,3499020.320000001,2383146.0799999996,435449.13000000006,2173632.983333333,148094,93780,17791,1,225,29.86021778460489,20.33748148148148,3.716070404505889,18.549521960516582,1.263816350913125,0.8003072196620584,0.15182625021334697
2023-10-12,2023,10,12,5,Thu,0,126337,3922288.68,2693712.2,443483.4199999999,2537464.5499999993,159025,100679,18553,1,231,31.046238869056573,21.32164132439428,3.5103209669376345,20.084888433317232,1.2587365538203377,0.7969082691531381,0.14685325755716852
2023-10-13,2023,10,13,6,Fri,0,116955,3501125.84,2396036.92,437465.68,2199384.2333333334,152938,90977,18356,1,231,29.935666196400323,20.486827583258517,3.74046154503869,18.80538868225671,1.3076653413706125,0.7778803813432517,0.15694925398657603
2023-10-14,2023,10,14,7,Sat,1,120403,3324736.45,2335610.8799999994,429652.88,2111086.966666667,162404,93054,17807,1,206,27.613402074699138,19.398278115993783,3.5684565999186066,17.533508024440145,1.3488368230027492,0.7728544969809722,0.1478949860053321
2023-10-15,2023,10,15,1,Sun,1,102284,3106364.9399999995,2176293.5700000003,450994.78,1746320.7000000002,138373,79799,15668,1,220,30.36999863126197,21.276969711782883,4.409240741464941,17.07325388134997,1.352831332368699,0.7801708967189395,0.15318133823471902
2023-10-16,2023,10,16,2,Mon,0,101240,3127538.55,2133695.8899999997,417301.68000000005,1828228.1,127672,79648,16296,1,229,30.892320723034373,21.07562119715527,4.121905175819834,18.058357368629,1.2610825760568944,0.786724614776768,0.16096404583168708
2023-10-17,2023,10,17,3,Tue,0,114974,3424144.3699999996,2331523.41,435040.72000000003,2117343.15,143340,91979,17063,1,226,29.781901734305144,20.278701358568025,3.783818254561901,18.41584314714631,1.246716648981509,0.7999982604762816,0.1484074660357994
2023-10-18,2023,10,18,4,Wed,0,119254,3604002.42,2457460.369999999,389855.87999999995,2296194.2333333334,148281,96374,17018,1,221,30.221228805742363,20.60694291176815,3.26912204202794,19.254651695820126,1.243404833380851,0.8081406074429369,0.14270380867727708
2023-10-19,2023,10,19,5,Thu,0,126588,3873158.3500000006,2643328.14,579629.6399999999,2495126.2333333334,159247,101699,18459,1,229,30.5965680001264,20.8813484690492,4.578867191202956,19.710606323927493,1.257994438651373,0.8033857869624293,0.1458195089581951
2023-10-20,2023,10,20,6,Fri,0,122922,3673801.3399999994,2508017.03,602053.3700000001,2387517.916666667,160145,97286,18035,1,227,29.8872564715836,20.403321049120578,4.897848798425018,19.42303181421281,1.3028180472169344,0.7914449813702998,0.14671905761377133
2023-10-21,2023,10,21,7,Sat,1,120096,3280023.1299999994,2282975.83,407277.79,2052102.916666667,168599,95820,18343,1,208,27.311676741939777,19.00959091060485,3.39126856847855,17.08718788857803,1.4038685718092192,0.7978617106314948,0.1527361444177991
2023-10-22,2023,10,22,1,Sun,1,106149,3225375.84,2248694.53,450814.31999999995,1817786.1500000001,148553,85070,16827,1,210,30.38536246219936,21.184321378439737,4.246995449792273,17.12485421435906,1.3994762079718133,0.8014206445656578,0.15852245428595654
2023-10-23,2023,10,23,2,Mon,0,98643,3085663.35,2106433.8500000006,402836.61,1784058.9000000001,126710,78171,16479,1,220,31.281118274991638,21.354113824599825,4.083783035795748,18.086016240381984,1.2845310868485347,0.7924637328548402,0.16705696298774367
2023-10-24,2023,10,24,3,Tue,0,112154,3369603.019999999,2299430.22,583766.1599999999,2087160.366666667,140707,89929,17243,1,225,30.04443015853201,20.502436114628104,5.205040925869786,18.6097719801939,1.254587442266883,0.8018349769067532,0.15374395919895859
2023-10-25,2023,10,25,4,Wed,0,118703,3597703.2999999993,2455434.07,399310.45999999985,2286079.316666667,149502,96005,17427,1,228,30.30844460544383,20.685526650548006,3.36394581434336,19.258816682532597,1.2594626926025458,0.8087832657978316,0.14681179077192658
2023-10-26,2023,10,26,5,Thu,0,128758,3898320.5199999996,2660094.32,440897.23000000004,2501854.3333333335,162841,103812,18430,1,227,30.276336382982024,20.659643051305547,3.424231737057115,19.430670974489612,1.2647058823529411,0.8062566986129017,0.14313673713477998
2023-10-27,2023,10,27,6,Fri,0,125886,3815445.1499999994,2622744.3199999994,469442.86999999994,2499804.116666667,165612,99110,19022,1,227,30.308732901196315,20.83428117503137,3.7291110210825664,19.857681685546186,1.315571231113865,0.7872996202913748,0.15110496798690878
2023-10-28,2023,10,28,7,Sat,1,129897,3693272.8499999996,2630578.3599999994,400857.36999999994,2484624.7,175163,99147,19393,1,223,28.432318298344068,20.251263385605515,3.0859632632008434,19.127652678660787,1.348476100294849,0.7632739786138248,0.14929521082088115
2023-10-29,2023,10,29,1,Sun,1,108271,3165409.0799999996,2226416.3499999996,420784.7600000002,1820668.966666667,141922,81617,16199,1,217,29.23598267310729,20.563367383694615,3.8864031919904702,16.815850658686692,1.3108034469063738,0.753821429561009,0.14961531712092804
2023-10-30,2023,10,30,2,Mon,0,96386,2794371.98,1901892.5,334989.38999999996,1629006.9666666668,122303,75610,15873,1,220,28.991471583009982,19.73204096030544,3.4754984126325397,16.900867000048418,1.2688875977839105,0.7844500238623866,0.16468159276243438
2023-10-31,2023,10,31,3,Tue,0,100668,2800980.7299999995,1904779.02,621472.6500000001,1743717.6000000003,129222,80167,16033,1,227,27.823943358366108,18.92139527953272,6.173487602813209,17.321468589820007,1.2836452497317916,0.7963503794651726,0.15926610243572933
2023-11-01,2023,11,1,4,Wed,0,125221,3612823.58,2452029.47,462853.1,2254999.0000000005,155608,100310,17753,1,223,28.85157904824271,19.581615463859897,3.696289759704842,18.008153584462672,1.2426669648062225,0.8010637193441995,0.1417733447265235
2023-11-02,2023,11,2,5,Thu,0,127084,3776840.63,2570292.19,408104.64999999997,2393828.8666666667,159782,102792,17761,1,227,29.719245774448396,20.225143920556484,3.211298432532813,18.83658734904997,1.2572943879638665,0.8088508388152718,0.13975795536810298
2023-11-03,2023,11,3,6,Fri,0,121137,3592378.869999999,2427872.98,400525.87999999983,2270692.8499999996,160260,97335,17998,1,225,29.655504676523268,20.04237334588111,3.306387643742208,18.74483312282787,1.322964907501424,0.8035117263924317,0.1485755797155287
2023-11-04,2023,11,4,7,Sat,1,121936,3307878.81,2310296.86,443884.44000000006,2119846.1,170283,97149,18274,1,216,27.12799181537856,18.9467988124918,3.6403067182784414,17.38490765647553,1.3964948825613437,0.796721230809605,0.14986550321480122
2023-11-05,2023,11,5,1,Sun,1,105764,3104927.4599999995,2169050.3599999994,382828.34,1961251.1833333327,143976,82773,15410,1,222,29.35712964713891,20.508399455391242,3.619646949812791,18.54365552866129,1.3612949585870429,0.7826197950153171,0.14570175106841649
2023-11-06,2023,11,6,2,Mon,0,101608,3156007.1499999994,2151465.94,371870.80999999994,1875166.3,128481,81089,15698,1,223,31.060616782143132,21.174178607983624,3.659857589953546,18.454908078104086,1.2644772065191716,0.798057239587434,0.15449570899929138
2023-11-07,2023,11,7,3,Tue,0,111685,3159758.6999999997,2188622.9000000004,443258.0399999999,1953096.7333333332,139108,90713,16046,1,224,28.29170166092134,19.59639074181851,3.968823387205085,17.487547417588157,1.245538792138604,0.8122218740206831,0.14367193445852172
2023-11-08,2023,11,8,4,Wed,0,123131,3625545.52,2455860.6,412667.8100000001,2314540.7166666663,151219,100773,16528,1,227,29.44462012003476,19.94510399493223,3.351453411407364,18.797384222224025,1.228114772072021,0.8184210312593904,0.1342310222446013
2023-11-09,2023,11,9,5,Thu,0,127931,3914656.9300000006,2668120.3000000003,530643.51,2543327.35,160099,104750,17028,1,228,30.599752444677215,20.855932494860514,4.147888392961831,19.880461733278096,1.2514480462124113,0.8188007597845713,0.13310300083638837
2023-11-10,2023,11,10,6,Fri,0,124489,3584763.2999999993,2481168.48,405137.37,2294028.633333334,164142,100102,18215,1,222,28.795823727397597,19.930825052815912,3.2544029592976087,18.427560935772107,1.3185261348392228,0.8041031737743897,0.14631814859144182
2023-11-11,2023,11,11,7,Sat,1,123172,3364363.13,2348747.43,367414.0,2142624.4333333336,168722,98181,17227,1,218,27.314350095800993,19.06884218815965,2.9829344331503913,17.39538558546856,1.369808073263404,0.7971048614944956,0.13986133212093657
2023-11-12,2023,11,12,1,Sun,1,107622,3189018.9699999993,2218408.63,396888.2500000001,1771881.3499999996,143088,84815,15243,1,216,29.631664250803734,20.612966029250526,3.6877984984482737,16.46393256025719,1.3295422868930145,0.788082362342272,0.1416346100239728
2023-11-13,2023,11,13,2,Mon,0,102060,3103812.2400000007,2102554.1999999997,370657.51,1810428.2166666666,127240,82199,15244,1,228,30.411642563198125,20.601158142269252,3.631760826964531,17.738861617349272,1.2467176170879875,0.8053987850284147,0.1493631197334901
2023-11-14,2023,11,14,3,Tue,0,116872,3413552.24,2306402.7199999997,517777.52,2083700.933333333,143449,95339,15976,1,226,29.207613799712508,19.734433568348276,4.430295708125128,17.828914824195127,1.2274026285166677,0.8157556985419947,0.136696556916969
2023-11-15,2023,11,15,4,Wed,0,123621,3658435.5,2481977.12,446819.06999999995,2324585.2833333327,151543,100835,16537,1,226,29.59396461766205,20.07730984217892,3.6144269177566914,18.804129422455187,1.2258677732747671,0.815678565939444,0.13377177016849887
2023-11-16,2023,11,16,5,Thu,0,129917,3845474.84,2605197.7500000005,428855.81,2460568.85,160686,105764,17794,1,231,29.59947381789912,20.05278562466806,3.300998406675031,18.93954486325885,1.2368358259504144,0.8140889952816028,0.13696436955902616
2023-11-17,2023,11,17,6,Fri,0,120668,3603667.1,2452768.3,398553.79,2326364.8,156064,96924,17584,1,226,29.8643144827129,20.32658451287831,3.302895465243478,19.27905327012961,1.2933337753174,0.8032286936055956,0.14572214671661088
2023-11-18,2023,11,18,7,Sat,1,125700,3344742.4300000006,2316953.78,412637.12,2113748.116666667,174163,100325,18627,1,207,26.60892943516309,18.43240875099443,3.2827137629276053,16.815816361707775,1.3855449482895783,0.7981304693715194,0.14818615751789976
2023-11-19,2023,11,19,1,Sun,1,97954,2775330.7499999995,1925429.61,347370.36999999994,1572679.2333333336,136867,78149,15596,1,205,28.333000694203395,19.656467423484493,3.5462601833513685,16.05528343235941,1.3972578965636933,0.7978132592849705,0.15921759193090634
2023-11-20,2023,11,20,2,Mon,0,98185,2835335.1399999997,1932572.69,390038.87,1746880.666666667,127257,77375,16332,1,225,28.87747761878087,19.682972857361104,3.9724893822885368,17.7917265026905,1.2960941080613129,0.7880531649437287,0.16633905382695932
2023-11-21,2023,11,21,3,Tue,0,110785,3261636.36,2249303.8299999996,376919.3900000001,2260842.0333333337,138660,85453,16854,1,220,29.441136977027575,20.303324728076902,3.4022601435212354,20.40747423688526,1.251613485580178,0.7713408854989394,0.1521325089136616
2023-11-22,2023,11,22,4,Wed,0,90954,2656449.230000001,1826299.1699999997,298496.86,1728093.683333333,123194,69355,16244,1,222,29.20651351232492,20.079371660399758,3.2818442289508982,18.999644692188724,1.3544648943421949,0.7625283110143589,0.17859577368779822
2023-11-23,2023,11,23,5,Thu,0,63784,1705379.06,1201957.5399999998,252893.62,948754.1166666666,90207,44868,13103,1,214,26.73678446005268,18.84418568920105,3.9648441615452152,14.874484457962287,1.414257494042393,0.7034365985200051,0.20542769346544587
2023-11-24,2023,11,24,6,Fri,0,76704,2146795.72,1451546.6899999997,251393.12000000002,1216828.0833333333,116134,57478,16128,1,215,27.988054338756783,18.924002529203168,3.2774447225698795,15.86394560040328,1.5140540258656654,0.7493481435127243,0.21026282853566958
2023-11-25,2023,11,25,7,Sat,1,87286,2558984.08,1793081.8999999994,318969.2699999999,1493197.8666666665,129375,67319,16355,1,219,29.317233920674564,20.542605916183575,3.654300460554956,17.106957205813835,1.48219645762207,0.7712462479664551,0.18737254542538323
2023-11-26,2023,11,26,1,Sun,1,83836,2649886.05,1857956.0599999998,347912.56,1494423.5833333335,117062,65338,14307,1,208,31.607973305024093,22.161792785915356,4.149918412137984,17.82555922674428,1.3963213893792643,0.779354931055871,0.17065461138413093
2023-11-27,2023,11,27,2,Mon,0,95567,3006014.960000001,2048658.3199999998,433976.89,1744460.4166666674,122116,75765,16013,1,220,31.454528864566228,21.43688009459332,4.541074743373759,18.25379489433243,1.27780510008685,0.7927945839044859,0.16755783900300314
2023-11-28,2023,11,28,3,Tue,0,118903,3540792.5799999996,2400404.73,465638.9599999999,2200008.933333333,148099,95313,17764,1,218,29.778832998326365,20.18792402210205,3.916124572130223,18.50255194009683,1.2455446876866016,0.8016029873089829,0.14939909001454968
2023-11-29,2023,11,29,4,Wed,0,113679,3445750.82,2361333.1099999994,453752.6599999999,2264353.6833333336,141038,91348,16336,1,224,30.311234440837797,20.771937736961085,3.99152578752452,19.91883886499119,1.2406689010283343,0.8035609039488384,0.14370288267841905
2023-11-30,2023,11,30,5,Thu,0,123543,3786824.6000000006,2589104.19,481475.70000000007,2461238.766666667,155631,99426,17578,1,225,30.651875055648645,20.95710958937374,3.8972317330807904,19.922122391933716,1.2597314295427502,0.8047886161093708,0.14228244416923663
2023-12-01,2023,12,1,6,Fri,0,127365,3796940.9200000004,2582569.91,534949.4900000002,2497527.983333334,168767,101562,19328,1,227,29.811493895497197,20.276919954461587,4.200129470419662,19.60921747209464,1.3250657558984023,0.7974090213166882,0.15175283633651318
2023-12-02,2023,12,2,7,Sat,1,121048,3347895.0700000008,2339265.5599999996,515727.0300000001,2207032.5333333337,173347,97767,19086,1,199,27.657582694468317,19.32510706496596,4.260516737162118,18.23270548322429,1.4320517480668826,0.8076713369902848,0.1576729892274139
2023-12-03,2023,12,3,1,Sun,1,104949,3112812.28,2158304.5900000003,413782.26,1777138.1999999997,147894,84686,16153,1,215,29.660237639234293,20.56527065527066,3.942698453534574,16.93335048452105,1.409198753680359,0.80692526846373,0.15391285290950843
2023-12-04,2023,12,4,2,Mon,0,101151,3110528.9599999995,2111656.590000001,443915.41,1871974.7333333332,130676,81678,16104,1,223,30.751341657521916,20.876279918142192,4.388640843886862,18.50673481560571,1.2918903421617187,0.8074858380045674,0.1592075214283596
2023-12-05,2023,12,5,3,Tue,0,119564,3556263.710000001,2404393.0300000007,445126.94999999995,2274675.5000000005,151047,98654,17037,1,226,29.743599327556797,20.109673731223452,3.722917851527215,19.024752433842966,1.263315044662273,0.825114582984845,0.14249272356227627
2023-12-06,2023,12,6,4,Wed,0,128194,3834072.6300000004,2591477.81,406613.52,2449704.6,162167,106285,17526,1,221,29.9083625598702,20.215281604443266,3.1718607735151414,19.109354571976848,1.265012403076587,0.8290949654430004,0.13671466683308112
2023-12-07,2023,12,7,5,Thu,0,134083,4107775.33,2803838.21,437542.57,2663125.1666666674,167091,108726,17655,1,229,30.63606370680847,20.91121327834252,3.263221810371188,19.86176597082902,1.246175876136423,0.8108857946197504,0.13167217320614844
2023-12-08,2023,12,8,6,Fri,0,131115,3892613.110000001,2660755.52,511665.23,2452278.9333333327,171020,102526,18688,1,225,29.688541433093093,20.29329611409831,3.902415665637036,18.70326761494362,1.3043511421271403,0.7819547725279334,0.14253136559508828
2023-12-09,2023,12,9,7,Sat,1,133827,3710140.6299999994,2614887.06,432044.24000000005,2481662.2,186169,104182,19715,1,214,27.723408803903542,19.539308659687507,3.228378727760467,18.543808050692313,1.3911168897158273,0.7784826679220187,0.14731705859056843
2023-12-10,2023,12,10,1,Sun,1,110792,3206388.2800000003,2248059.6800000006,457084.2399999999,1835382.5833333335,146232,82784,16020,1,218,28.940611957542064,20.29081233302044,4.1256069030254885,16.566020861915423,1.3198786916022818,0.7472019640407249,0.14459527763737454
2023-12-11,2023,12,11,2,Mon,0,109311,3264663.7499999995,2220186.92,375147.12000000005,1967593.2833333332,137095,85392,16415,1,225,29.8658300628482,20.31073652239939,3.4319246919340234,17.999956850942112,1.254173870882162,0.7811839613579603,0.15016786965630174
2023-12-12,2023,12,12,3,Tue,0,125320,3726744.89,2548465.66,395783.1400000001,2403432.6,152940,99093,17217,1,227,29.737830274497288,20.335665975103737,3.15818017874242,19.17836418767954,1.2203957867858284,0.7907197574210022,0.1373842962017236
2023-12-13,2023,12,13,4,Wed,0,134797,3970895.1600000006,2705333.58,503763.9099999999,2541247.6666666665,164262,106982,17962,1,227,29.458334829410155,20.069686862467265,3.7372041662648274,18.852405221679017,1.2185879507704178,0.7936526777302165,0.1332522237141776
2023-12-14,2023,12,14,5,Thu,0,143323,4386811.27,3027029.67,518734.88999999984,2873859.4666666673,173625,112473,18188,1,226,30.607866636897075,21.1203342799132,3.6193415571820284,20.051627908058492,1.2114245445601892,0.7847519239759145,0.1269021720170524
2023-12-15,2023,12,15,6,Fri,0,140043,4145663.9100000006,2842295.43,504024.99,2684148.2666666666,177677,108277,19288,1,229,29.60279278507316,20.295876480795187,3.599073070414087,19.166600734536296,1.268731746677806,0.773169669315853,0.1377291260541405
2023-12-16,2023,12,16,7,Sat,1,135047,3727969.7299999995,2641898.6999999993,457641.1799999999,2455811.766666667,181467,100943,19420,1,224,27.604979969936387,19.562809244189054,3.388754877931386,18.18486724374971,1.3437321821291845,0.7474656971276666,0.14380178752582434
2023-12-17,2023,12,17,1,Sun,1,106186,3012519.2700000005,2100890.21,366339.54999999993,1728005.3500000003,146447,81261,15877,1,220,28.370211421467996,19.785001883487464,3.4499797525097464,16.273382084267233,1.3791554442205187,0.7652703746256568,0.14952065244005802
2023-12-18,2023,12,18,2,Mon,0,100388,2853042.46,1945746.2899999996,402272.8600000001,1684745.3000000003,129313,76453,15926,1,226,28.420154400924414,19.382259732238907,4.007180738733714,16.78233753038212,1.2881320476550981,0.7615750886560146,0.15864445949715106
2023-12-19,2023,12,19,3,Tue,0,120648,3404896.8799999994,2322364.7500000005,401237.61999999994,2159734.25,152129,93284,18311,1,224,28.221743253099923,19.249094473178175,3.325688117498839,17.901119372057554,1.2609326304621709,0.7731914329288508,0.15177209734102512
2023-12-20,2023,12,20,4,Wed,0,117249,3329731.020000001,2275215.2499999995,392691.9700000001,2148748.033333334,149490,90668,17928,1,230,28.398801013228265,19.40498639647246,3.349213809925885,18.326365541141794,1.2749788910779623,0.7732944417436396,0.15290535526955454
2023-12-21,2023,12,21,5,Thu,0,115598,3290361.8899999997,2254832.28,355776.01,2121474.2833333327,150713,89394,18515,1,227,28.46383060260558,19.505807020882713,3.077700392740359,18.352171173665052,1.3037682312842782,0.7733178774719286,0.16016713091922005
2023-12-22,2023,12,22,6,Fri,0,109725,3047218.76,2097574.1999999997,503168.75000000006,1913324.2166666663,145425,80135,18734,1,232,27.771417270448847,19.11664798359535,4.585725677830942,17.43745014050277,1.325358851674641,0.7303258145363408,0.17073593073593074
2023-12-23,2023,12,23,7,Sat,1,82010,2257077.6,1593199.4300000002,268970.24,1387673.3666666667,120460,60592,16895,1,216,27.521980246311426,19.426892208267287,3.279724911596147,16.920782424907532,1.4688452627728326,0.7388367272283868,0.2060114620168272
2023-12-24,2023,12,24,1,Sun,1,64515,1685771.9400000002,1190877.9200000002,209259.94999999998,949271.8333333334,95195,44969,15253,1,220,26.129922343641017,18.45893079128885,3.2435859877547855,14.713970911157613,1.4755483220956367,0.697031698054716,0.23642563744865536
2023-12-25,2023,12,25,2,Mon,0,44590,1331253.5200000005,954433.8700000001,229163.15000000008,727331.6,66066,29585,11245,1,221,29.85542767436646,21.404661807580176,5.139339538013009,16.311540704193764,1.4816326530612245,0.663489571652837,0.2521865889212828
2023-12-26,2023,12,26,3,Tue,0,67158,2089105.83,1449081.7400000002,283989.64999999997,1233954.9166666667,101442,48451,16010,1,222,31.10732645403377,21.577202120372856,4.228679382947675,18.373908047688538,1.510497632448852,0.721447928765002,0.23839304327109206
2023-12-27,2023,12,27,4,Wed,0,79963,2492730.769999999,1738518.8900000001,305069.83999999997,1533392.4833333336,118473,58864,17597,1,225,31.173552392981744,21.741541587984443,3.815137501094256,19.17627506888603,1.4815977389542663,0.7361404649650464,0.22006427972937484
2023-12-28,2023,12,28,5,Thu,0,83094,2577574.360000001,1797917.1099999999,310185.74000000005,1630139.15,122779,61780,17910,1,223,31.019981707463845,21.637147206777865,3.7329499121476886,19.618012732567934,1.4775916431992684,0.7434953185548896,0.21553902808867068
2023-12-29,2023,12,29,6,Fri,0,84806,2586307.86,1797603.8499999994,313385.65,1580780.3000000003,125971,63030,18037,1,228,30.496755654081078,21.196658844893044,3.695324033676863,18.63995825767045,1.4854019762752635,0.7432257151616631,0.2126854232011886
2023-12-30,2023,12,30,7,Sat,1,81209,2407677.1,1707591.19,316376.79,1381058.7166666668,122893,60555,17250,1,217,29.64790971444052,21.02711756086148,3.895834082429287,17.006227347543582,1.5132928616286372,0.745668583531382,0.21241488012412418
2023-12-31,2023,12,31,1,Sun,1,75626,2113564.02,1499492.6500000001,276860.62,1104357.4166666665,104815,53373,14680,1,229,27.947584428635654,19.827739798482007,3.660918467193822,14.602880182300618,1.3859651442625551,0.7057493454632005,0.19411313569407346
2024-01-01,2024,1,1,2,Mon,0,79675,2474675.17,1791354.2999999998,351664.19999999995,1310614.9666666668,107457,53573,14386,1,233,31.05961932852212,22.483267022278003,4.413733291496705,16.449513230833595,1.3486915594603075,0.6723941010354565,0.18055851898336994
2024-01-02,2024,1,2,3,Tue,0,74400,2308974.119999999,1604547.43,307550.17000000004,1258543.5999999999,102539,55724,15317,1,222,31.034598387096764,21.566497715053764,4.133738844086022,16.915908602150537,1.3782123655913978,0.748978494623656,0.2058736559139785
2024-01-03,2024,1,3,4,Wed,0,81273,2387429.0300000007,1644579.5999999999,315922.62000000005,1345177.0833333335,109489,62002,16097,1,228,29.37542640237226,20.235251559558524,3.887178029603928,16.551340338529812,1.3471755687620734,0.7628855831579984,0.19806085661904937
2024-01-04,2024,1,4,5,Thu,0,101581,2833189.1700000004,1921465.11,336670.25000000006,1634199.4166666667,134179,79670,17911,1,222,27.890936001811365,18.91559553459801,3.3143033638180373,16.08764844475509,1.3209064687293883,0.7843002136226263,0.17632234374538547
2024-01-05,2024,1,5,6,Fri,0,101814,2759456.9,1864093.6899999997,383264.38000000006,1567009.8999999994,135444,79650,17637,1,224,27.102921995010508,18.308814995973044,3.764358339717525,15.390907930147126,1.330308209087159,0.7823089162590606,0.1732276504213566
2024-01-06,2024,1,6,7,Sat,1,95786,2464895.3599999994,1704419.2300000002,299598.81,1397432.6999999997,132189,73783,15523,1,221,25.733357275593505,17.794032844048193,3.127793310087069,14.589112187584822,1.3800451005366128,0.7702900215062745,0.1620591735744263
2024-01-07,2024,1,7,1,Sun,1,66545,1924906.6499999987,1336255.43,258340.13999999996,925466.2499999999,91264,52627,10327,1,209,28.926390412502798,20.080478322939364,3.882187091441881,13.907374708843637,1.3714629198286874,0.7908482981441131,0.15518821849876024
2024-01-08,2024,1,8,2,Mon,0,78950,2242272.9799999995,1517181.54,277592.42999999993,1233694.7666666664,99565,63010,12701,1,226,28.401177707409747,19.21699227359088,3.5160535782140587,15.62627950179438,1.2611146295123496,0.7981000633312223,0.16087397086763774
2024-01-09,2024,1,9,3,Tue,0,92797,2386378.56,1605845.5300000003,357101.1700000001,1398595.9333333336,108925,71394,13043,1,231,25.716117546903458,17.304929361940584,3.84819735551796,15.071564095103652,1.173798721941442,0.7693567679989655,0.1405541127407136
2024-01-10,2024,1,10,4,Wed,0,93943,2574802.2,1721571.1500000001,315209.92,1431183.0166666673,115496,76454,13420,1,229,27.408132591039248,18.32569909413155,3.355331637269408,15.234589236735758,1.2294263542786583,0.8138339205688556,0.14285258082028465
2024-01-11,2024,1,11,5,Thu,0,103770,2935304.0300000003,1972361.3500000003,373074.7,1705610.2166666668,129408,84539,14617,1,227,28.28663419099933,19.007047798014845,3.595207670810446,16.43644807426681,1.2470656259034403,0.8146766888310687,0.140859593331406
2024-01-12,2024,1,12,6,Fri,0,102394,2891016.2099999995,1944693.4699999995,434867.0999999999,1687151.6,132811,81716,15019,1,228,28.234234525460472,18.99225999570287,4.246997870969001,16.477055296208764,1.2970584213918783,0.7980545735101666,0.14667851631931558
2024-01-13,2024,1,13,7,Sat,1,103380,2680497.4000000004,1834775.2199999997,391036.84,1558872.9500000002,142495,82410,14963,1,212,25.928587734571487,17.747874056877535,3.782519249371252,15.079057361191722,1.378361385180886,0.7971561230412072,0.1447378603211453
2024-01-14,2024,1,14,1,Sun,1,93121,2490119.53,1712186.5400000003,308665.15,1340116.4666666663,126399,73474,13059,1,222,26.74068717045564,18.386685495215904,3.3146674756499612,14.391130536255693,1.357363000826881,0.7890164409746458,0.14023689608144244
2024-01-15,2024,1,15,2,Mon,0,76073,2187760.23,1505332.2100000002,284230.2,1134710.683333333,99949,61259,10987,1,216,28.758695332115206,19.787995872385736,3.73628225520224,14.916076444117271,1.313856427378965,0.8052659945052778,0.1444270634785009
2024-01-16,2024,1,16,3,Tue,0,91981,2659285.2899999996,1803559.9300000002,342502.88,1527689.0999999999,110458,73116,12422,1,228,28.911245692045092,19.607961752970724,3.723626401104576,16.60874637153325,1.200878442286994,0.7949032952457573,0.13504962981485308
2024-01-17,2024,1,17,4,Wed,0,109047,3008287.47,2031788.4000000001,419173.48,1782959.716666667,129799,85328,14536,1,230,27.587072271589317,18.63222647115464,3.8439707648995385,16.350378430095894,1.1903032637303181,0.7824882848679927,0.13330032004548498
2024-01-18,2024,1,18,5,Thu,0,109054,2971991.2099999995,1998016.55,329104.85000000003,1751729.6833333336,131683,87163,14830,1,230,27.25247317842536,18.321350431896125,3.0178154859060653,16.062956730916184,1.207502705081886,0.7992645845177618,0.1359876758303226
2024-01-19,2024,1,19,6,Fri,0,94709,2506840.1999999997,1673594.84,285637.41,1434221.9999999998,121244,76319,13111,1,222,26.46886990676704,17.670916597155497,3.015947903578329,15.143460494778742,1.2801740066941896,0.8058262678309348,0.13843457327181155
2024-01-20,2024,1,20,7,Sat,1,107318,2630181.1099999994,1806233.8499999996,380726.84,1531385.8333333328,140968,83384,14194,1,223,24.508294135187008,16.83067006466762,3.5476512793753145,14.269608391260858,1.3135541102145027,0.7769805624405971,0.132261130472055
2024-01-21,2024,1,21,1,Sun,1,83288,2292488.5599999996,1580166.27,403146.47000000003,1170569.2333333334,108229,65174,11671,1,217,27.52483623090961,18.972316180001922,4.840390812602056,14.054476435180739,1.2994549034674863,0.7825136874459706,0.1401282297569878
2024-01-22,2024,1,22,2,Mon,0,84503,2387884.6400000006,1610171.29,287392.48000000004,1340711.2,103158,67424,12933,1,228,28.2579865803581,19.05460504360792,3.4009736932416605,15.865841449415997,1.220761393086636,0.7978888323491473,0.15304782078742765
2024-01-23,2024,1,23,3,Tue,0,98651,2662424.889999999,1785982.3199999998,293631.28,1605175.8333333333,119355,79773,13579,1,228,26.98832135508002,18.104046791213467,2.9764653171280577,16.27125759833487,1.2098711619750433,0.8086385338212486,0.1376468560886357
2024-01-24,2024,1,24,4,Wed,0,103877,2815887.869999999,1881116.0399999998,366182.73,1729260.5333333332,126561,85593,13471,1,230,27.10790521482137,18.109071690557098,3.525156964486845,16.647193636063164,1.2183736534555292,0.8239841350828384,0.12968222031826102
2024-01-25,2024,1,25,5,Thu,0,109002,3032597.0900000003,2038593.1199999999,435091.07999999996,1828458.016666667,131626,88599,14012,1,223,27.821481165483206,18.70234601199978,3.9915880442560683,16.774536399943734,1.2075558246637677,0.8128199482578301,0.12854810003486175
2024-01-26,2024,1,26,6,Fri,0,104387,2844091.8299999996,1910611.31,353653.49,1701156.9666666663,132927,84116,14504,1,229,27.245651565808,18.303153745198156,3.3879074022627336,16.29663623503565,1.27340569227969,0.8058091524806729,0.13894450458390412
2024-01-27,2024,1,27,7,Sat,1,109001,2742580.54,1883121.2,308341.33,1666346.6500000001,148095,87839,15162,1,215,25.16105852239888,17.27618278731388,2.828793589049642,15.287443693177128,1.3586572600251374,0.8058549921560353,0.13909964128769461
2024-01-28,2024,1,28,1,Sun,1,91436,2462083.19,1700045.2399999995,305072.86000000004,1317063.416666667,116894,70911,12057,1,215,26.9268470842994,18.592734152850074,3.3364633186053636,14.404210777665984,1.2784242530294414,0.7755260510083556,0.13186272365370313
2024-01-29,2024,1,29,2,Mon,0,83469,2364102.18,1588220.6800000002,283908.11999999994,1315103.6833333338,102482,67411,12391,1,229,28.323116126945337,19.027671111430593,3.40136002587787,15.7555940928169,1.2277851657501588,0.8076171991997029,0.14845032287436055
2024-01-30,2024,1,30,3,Tue,0,100046,2667884.2499999995,1776365.97,606503.2399999999,1575782.85,121453,82258,13367,1,227,26.66657587509745,17.755492173600143,6.06224376786678,15.750583231713414,1.213971573076385,0.8222017871778982,0.13360854007156708
2024-01-31,2024,1,31,4,Wed,0,100918,2712431.8999999994,1810608.8399999996,319091.70000000007,1626636.5499999998,121805,83219,12988,1,223,26.877582789987905,17.941386472185336,3.1618908420697998,16.118398600844248,1.206970015259914,0.8246199885055193,0.12869854733546046
2024-02-01,2024,2,1,5,Thu,0,108654,3006908.34,2015478.6300000001,385167.04999999993,1797147.7333333334,130986,88934,14030,1,227,27.67416146667403,18.54951156883318,3.5448952638651123,16.540097311956607,1.2055331603070296,0.8185064516722809,0.12912548088427486
2024-02-02,2024,2,2,6,Fri,0,104140,2792983.7200000007,1866131.0099999998,309090.56000000006,1683220.366666667,132580,84749,14271,1,226,26.819509506433654,17.919445073938927,2.9680291914730175,16.163053261634982,1.2730939120414826,0.8137987324755137,0.13703668139043595
2024-02-03,2024,2,3,7,Sat,1,109180,2697962.4099999997,1846501.98,301717.5399999999,1628562.95,147000,87037,14814,1,214,24.711141326250225,16.912456310679612,2.763487268730536,14.91631205348965,1.34640043964096,0.7971881296940831,0.13568419124381756
2024-02-04,2024,2,4,1,Sun,1,86873,2405009.8099999996,1657231.3300000003,302220.27,1312097.3499999999,115024,69587,12122,1,213,27.684203492454497,19.076483257168515,3.4788745640187404,15.103626558309255,1.3240477478618213,0.8010198795943504,0.13953702531281295
2024-02-05,2024,2,5,2,Mon,0,87302,2440287.390000001,1633450.5199999998,326029.49000000005,1373579.75,107984,70910,12866,1,222,27.952250692996735,18.710344780188308,3.7345019587180137,15.733657304529105,1.236901789191542,0.8122379785113744,0.14737348514352477
2024-02-06,2024,2,6,3,Tue,0,100870,2730982.0100000002,1827038.2799999996,378737.32000000024,1626405.883333333,122151,82482,13743,1,225,27.074273916922774,18.11280142758005,3.7547072469515244,16.123781930537653,1.2109745216615446,0.8177059581639734,0.13624467135917517
2024-02-07,2024,2,7,4,Wed,0,101711,2857004.970000001,1919414.0200000005,530118.4599999997,1749486.233333333,123222,83812,13110,1,231,28.08943939200284,18.871253060140994,5.212007157534581,17.200560739087543,1.2114913824463431,0.8240210006783927,0.1288946131686838
2024-02-08,2024,2,8,5,Thu,0,112643,3163836.15,2121988.3800000004,467662.95999999985,1939340.8000000005,136815,92109,14274,1,226,28.087285938762285,18.83817352165692,4.151726782844916,17.216700549523722,1.2145894551814138,0.8177072698702982,0.12671892616496364
2024-02-09,2024,2,9,6,Fri,0,109012,3018542.0300000003,2030108.2399999993,681762.22,1802379.4499999995,137791,87318,14763,1,225,27.689997706674497,18.622796022456235,6.254010751109969,16.533771052728135,1.2639984588852604,0.8009943859391626,0.1354254577477709
2024-02-10,2024,2,10,7,Sat,1,110088,2803662.4499999997,1931394.5,548907.5700000001,1671444.0500000005,149912,88314,15249,1,210,25.467466481360365,17.54409654094906,4.986079954218444,15.182799669355429,1.3617469660635129,0.802212775234358,0.13851645955962502
2024-02-11,2024,2,11,1,Sun,1,95238,2607500.93,1810744.0599999998,427879.3200000001,1344839.9833333334,122146,73666,12668,1,226,27.378787143787147,19.012831642831642,4.492737352737354,14.120833945833947,1.2825342825342825,0.7734937734937735,0.133014133014133
2024-02-12,2024,2,12,2,Mon,0,90814,2551489.5,1716734.17,304955.98,1422529.2500000002,112393,72765,13604,1,227,28.09577267822142,18.903849296363997,3.3580282775783465,15.664206510009473,1.237617547955161,0.8012531107538485,0.14980069152333342
2024-02-13,2024,2,13,3,Tue,0,68095,1734213.46,1138015.9600000002,208151.19999999998,836221.7333333333,85877,54743,10171,1,213,25.467559439019016,16.712180923709525,3.0567765621558114,12.280222238539295,1.2611351787943315,0.8039209927307438,0.14936485791908363
2024-02-14,2024,2,14,4,Wed,0,120140,3212015.6000000006,2167244.1,570200.8,2010498.6666666665,144878,94452,15338,1,225,26.735605127351427,18.0393216247711,4.7461361744631265,16.734631818434046,1.2059097719327452,0.786182786748793,0.1276677209921758
2024-02-15,2024,2,15,5,Thu,0,121239,3285236.8,2225161.8600000003,361481.72,2022320.2500000005,140047,93047,15184,1,230,27.097194797053753,18.35351545294831,2.9815630283984524,16.68044317422612,1.1551315995677958,0.767467564067668,0.12524022797944556
2024-02-16,2024,2,16,6,Fri,0,104223,2933428.45,1993663.18,381864.63999999996,1828314.033333333,130937,80709,14951,1,231,28.145691929804364,19.1288216612456,3.663919096552584,17.542327829110015,1.2563157844237836,0.7743876111798739,0.14345202114696373
2024-02-17,2024,2,17,7,Sat,1,104025,2625963.76,1823063.4400000004,391006.1399999999,1585594.833333333,135787,77297,14526,1,219,25.243583369382357,17.525243354962754,3.7587708723864446,15.242440118561241,1.3053304494111992,0.7430617639990387,0.13963950973323722
2024-02-18,2024,2,18,1,Sun,1,92197,2473129.139999999,1726835.5699999998,343373.44,1369922.6,120841,68228,13325,1,217,26.824399275464486,18.729845548119783,3.7243450437649814,14.85864615985336,1.3106825601700707,0.7400240788745838,0.14452747920214323
2024-02-19,2024,2,19,2,Mon,0,74955,2221589.3600000003,1536734.21,298823.62,1129986.2166666666,99482,58742,12162,1,217,29.63897485157762,20.502090721099325,3.9867069575078378,15.075528205812375,1.3272230004669467,0.7836968847975452,0.16225735441264758
2024-02-20,2024,2,20,3,Tue,0,95867,2703960.8199999994,1823631.35,316612.76999999996,1564717.1333333335,119604,76721,14441,1,230,28.205334682424603,19.022514003776067,3.3026251994951337,16.32174922896652,1.2476034506138713,0.8002858126362565,0.150635776648899
2024-02-21,2024,2,21,4,Wed,0,102236,2784349.0500000007,1864626.5699999998,366913.93,1634093.9000000001,127413,82987,14618,1,224,27.234526487734268,18.238453871434718,3.588891681990688,15.983546891505929,1.2462635470871317,0.8117199420947612,0.142982902304472
2024-02-22,2024,2,22,5,Thu,0,114119,3178494.3000000003,2144602.61,587046.7600000001,1932926.6166666672,140043,90939,15566,1,225,27.852454893576006,18.792686669178664,5.144163198065178,16.93781593482827,1.2271663789553011,0.7968786967989555,0.13640147565260824
2024-02-23,2024,2,23,6,Fri,0,101044,2791813.48,1882245.56,531754.7699999999,1625736.7999999998,130633,81087,14434,1,227,27.62968093107953,18.627979494081785,5.262606092395391,16.089394719132258,1.292832825303828,0.8024919836902735,0.14284865998970744
2024-02-24,2024,2,24,7,Sat,1,116128,2940168.71,2041216.1299999994,339173.6400000001,1770030.4,151604,89214,15243,1,221,25.318344499173325,17.57729513984568,2.920687861669882,15.24206392945715,1.305490493248829,0.7682384954532929,0.131260333425186
2024-02-25,2024,2,25,1,Sun,1,94264,2621852.8399999994,1831418.7099999997,340488.52999999997,1416435.0999999999,119210,71063,12501,1,225,27.813935754901124,19.428612301620976,3.6120738564032924,15.026257107697528,1.2646397352117458,0.753872103878469,0.13261690571161844
2024-02-26,2024,2,26,2,Mon,0,85077,2561384.05,1755092.5299999998,312288.57,1508927.25,103641,67381,12688,1,232,30.106656910798453,20.629459548409084,3.6706579921717974,17.736018547903665,1.2182023343559363,0.7920001880649294,0.14913548902758678
2024-02-27,2024,2,27,3,Tue,0,116841,3149816.4700000007,2136896.44,363514.91000000003,1883997.0166666673,129762,87573,14182,1,230,26.958143716674805,18.288926318672384,3.111193074348902,16.124451319884862,1.1105861812206332,0.7495057385677972,0.1213786256536661
2024-02-28,2024,2,28,4,Wed,0,110975,3093829.41,2098755.3699999996,385259.00000000006,1904684.2499999998,128774,87475,13718,1,231,27.87861599459338,18.91196548772246,3.4715836900202754,17.163183149357963,1.1603874746564542,0.7882405947285425,0.12361342644739806
2024-02-29,2024,2,29,5,Thu,0,128048,3573734.2999999993,2434640.6699999995,427757.57999999984,2176238.5833333326,146375,98553,15355,1,229,27.90933321879295,19.013500171810566,3.340603367487191,16.99549062330792,1.1431260152442835,0.7696566912407847,0.11991596901162065
2024-03-01,2024,3,1,6,Fri,0,115821,3179218.1,2153224.8799999994,548734.98,1895001.2833333332,142343,89571,15991,1,228,27.44940986522306,18.590971240103258,4.737784857668299,16.361465393437573,1.2289912882810543,0.7733571632087445,0.13806649916681776
2024-03-02,2024,3,2,7,Sat,1,120399,3070156.3299999996,2152234.19,474776.39999999985,1908022.4833333334,148088,87351,15421,1,227,25.499849085125287,17.875847722987732,3.943358333540975,15.847494442091158,1.2299769931643951,0.7255126703710164,0.12808245915663752
2024-03-03,2024,3,3,1,Sun,1,95462,2728309.53,1912988.45,350766.4099999999,1561487.0833333335,120929,71839,13313,1,229,28.580058347824263,20.039266409670862,3.674408769981772,16.35715869490827,1.2667763088977813,0.752540277806876,0.1394586327543944
2024-03-04,2024,3,4,2,Mon,0,92831,2682749.96,1814300.2199999997,359268.32,1489427.2166666668,113889,73688,13886,1,231,28.899289676939816,19.54412017537245,3.8701330374551604,16.044502554821847,1.226842326378042,0.7937865583695102,0.14958365201279744
2024-03-05,2024,3,5,3,Tue,0,111043,3063037.589999999,2079219.4099999997,329557.4100000001,1909920.216666667,129912,87316,14278,1,231,27.584247453689102,18.724452779553864,2.967835973451727,17.19982544299656,1.169925164125609,0.7863260178489414,0.12858082004268617
2024-03-06,2024,3,6,4,Wed,0,130998,3576159.3500000006,2452974.6,511362.24999999994,2220994.8666666667,140707,95439,14729,1,235,27.29934311974229,18.725282828745478,3.9035882227209573,16.954418133610183,1.0741156353532115,0.7285531076810333,0.11243683109665796
2024-03-07,2024,3,7,5,Thu,0,120473,3377040.5799999996,2289784.17,558741.4299999999,2046684.6333333335,140032,93844,14838,1,233,28.03151394918363,19.006617001319796,4.637897537207507,16.988741322398656,1.1623517302632125,0.7789629211524574,0.12316452649141302
2024-03-08,2024,3,8,6,Fri,0,117730,3270934.0499999993,2224265.61,374988.75000000006,2001969.6666666665,142950,90194,15627,1,226,27.78335216172598,18.892938163594664,3.185158838019197,17.00475381522693,1.2142189756221864,0.7661088932302726,0.13273592117557123
2024-03-09,2024,3,9,7,Sat,1,138031,3462754.1600000006,2452532.81,484344.43000000017,2154644.5833333326,158578,93776,15919,1,235,25.086786011837926,17.767985524990763,3.5089540030862643,15.609859983143878,1.1488578652621513,0.6793836167237794,0.11532916518753034
2024-03-10,2024,3,10,1,Sun,1,102546,2898663.46,2046763.6199999999,368010.8100000002,1580048.0166666661,121980,72925,13424,1,234,28.266957853061065,19.95946814112691,3.588738809899949,15.408187707630391,1.189514949388567,0.7111442669631189,0.13090710510405087
2024-03-11,2024,3,11,2,Mon,0,96847,2803688.419999999,1906574.4999999998,343219.02,1576556.1833333329,117677,74854,14265,1,226,28.949667207037894,19.686459053971728,3.543930323086931,16.278833452077325,1.2150815203362004,0.772909847491404,0.14729418567431102
2024-03-12,2024,3,12,3,Tue,0,110580,3158396.2200000007,2157437.6100000003,354576.9699999999,1951230.95,129509,85002,14855,1,233,28.56209278350516,19.510197232772658,3.2065198950985705,17.6454236751673,1.171179236751673,0.7686923494302768,0.13433713148851512
2024-03-13,2024,3,13,4,Wed,0,118000,3347350.940000001,2271655.1399999997,377200.49,2050182.5666666662,138609,91561,15301,1,228,28.367380847457635,19.25131474576271,3.196614322033898,17.37442853107344,1.1746525423728813,0.7759406779661017,0.12966949152542373
2024-03-14,2024,3,14,5,Thu,0,135050,3868463.870000001,2667674.8600000003,538058.3099999999,2414284.983333334,151770,99667,16898,1,231,28.64467878563496,19.753238504257684,3.984141503146982,17.876971368628908,1.1238059977786006,0.7380007404664939,0.12512402813772677
2024-03-15,2024,3,15,6,Fri,0,126579,3551395.7600000007,2437426.8400000003,505306.12,2159958.7666666666,149882,93027,16976,1,229,28.05675317390721,19.256170770822965,3.9920217413631014,17.064116217276695,1.184098468150325,0.73493233474747,0.13411387354932494
2024-03-16,2024,3,16,7,Sat,1,128883,3434855.07,2435042.8599999994,651801.0499999999,2097509.3666666667,157087,90794,17458,1,233,26.65095528502595,18.89343714842143,5.057308178735752,16.274523146316167,1.218834136387266,0.704468393814545,0.13545618894656394
2024-03-17,2024,3,17,1,Sun,1,101442,3014463.1399999997,2134864.579999999,624923.3600000001,1652337.3500000006,121807,72567,13897,1,232,29.716124879241338,21.045174385363055,6.160400623016109,16.288493424814185,1.2007551112951242,0.7153545868575146,0.1369945387512076
2024-03-18,2024,3,18,2,Mon,0,93609,2793342.2000000007,1901244.2799999998,518827.47999999986,1555352.65,113096,72395,14072,1,231,29.84053029089084,20.310485957546813,5.5424957001997655,16.615417855120768,1.2081744276725528,0.7733764915766647,0.15032742578170902
2024-03-19,2024,3,19,3,Tue,0,109964,3089013.1599999997,2100928.9299999992,509299.7500000001,1846420.7666666668,128174,84872,14832,1,235,28.091131279327776,19.105606653086458,4.631513495325744,16.7911386150619,1.1655996507948057,0.7718162307664327,0.13488050634753193
2024-03-20,2024,3,20,4,Wed,0,117173,3287850.380000001,2232035.73,449979.6500000001,1938838.5166666664,133981,89742,14949,1,233,28.059795174656283,19.04906189992575,3.840301519974739,16.54680273328042,1.1434460157203452,0.76589316651447,0.12758058597117083
2024-03-21,2024,3,21,5,Thu,0,128659,3610248.670000001,2467058.5699999994,559616.93,2178125.7,143648,95602,15634,1,229,28.060599491679564,19.1751728989033,4.349613552102846,16.929446832324206,1.1165017604675926,0.7430650012824598,0.12151501255256142
2024-03-22,2024,3,22,6,Fri,0,114830,3237387.320000001,2214981.1799999997,772400.3100000002,1927244.6500000001,136299,85008,15665,1,238,28.192870504223645,19.289220412784115,6.726467909082994,16.783459461813116,1.1869633371070278,0.7402943481668554,0.13641905425411477
2024-03-23,2024,3,23,7,Sat,1,119520,3052204.36,2150754.1899999995,665303.1599999999,1826517.683333334,139794,80766,14755,1,228,25.537185073627843,17.9949313085676,5.566458835341365,15.282109130968324,1.1696285140562248,0.6757530120481928,0.12345214190093708
2024-03-24,2024,3,24,1,Sun,1,99946,2921279.5799999996,2066219.9599999995,444942.71999999986,1595426.7666666673,121035,70512,13357,1,234,29.2285792327857,20.67336321613671,4.4518311888419735,15.962887625984704,1.2110039421287495,0.705500970524083,0.13364216677005583
2024-03-25,2024,3,25,2,Mon,0,91785,2722012.7300000004,1866991.4599999995,682362.6199999999,1557118.6499999997,112216,69373,14134,1,231,29.656400610121484,20.340921283434106,7.434358773220024,16.964848831508412,1.2225962847959906,0.7558206678651196,0.15399030342648581
2024-03-26,2024,3,26,3,Tue,0,110823,3108071.21,2127246.6399999997,674287.6000000001,1869401.0833333335,128540,82647,15016,1,232,28.045362515001397,19.194992375228967,6.084365158856917,16.86834937994219,1.159867536522202,0.7457567472456078,0.13549533941510336
2024-03-27,2024,3,27,4,Wed,0,119234,3363746.76,2307068.2899999996,644844.97,2095445.95,137123,88572,15542,1,232,28.211305164634247,19.34908071523223,5.408230622137981,17.574231762752234,1.1500327087911166,0.7428418068671687,0.13034872603452036
2024-03-28,2024,3,28,5,Thu,0,130261,3760174.840000001,2634683.55,529607.63,2555231.216666667,141957,89986,15581,1,232,28.86646686268339,20.226188575245082,4.065742087040634,19.616241366692,1.0897889621605852,0.690813059933518,0.11961369865116958
2024-03-29,2024,3,29,6,Fri,0,117484,3240413.74,2240693.3,734800.7999999999,1989317.3166666673,140738,81576,16327,1,228,27.58174508869293,19.072327295631744,6.254475503047223,16.93266586655772,1.1979333356031459,0.6943583807156719,0.1389721153518777
2024-03-30,2024,3,30,7,Sat,1,110443,2863882.99,2024171.6599999995,548625.92,1727364.4,139519,76692,15845,1,229,25.930869226659908,18.32774969893972,4.967502874786089,15.64032487346414,1.2632670246190343,0.6944034479324176,0.14346767110636255
2024-03-31,2024,3,31,1,Sun,1,96437,2730711.63,1942701.2000000002,422120.73000000004,1536223.5166666668,118727,65761,13704,1,242,28.316015948235634,20.14477016083039,4.377165714404223,15.929814455724118,1.2311353526136235,0.6819063222622023,0.14210313468896793
2024-04-01,2024,4,1,2,Mon,0,92316,2715845.959999999,1859676.6199999996,553963.98,1521943.2000000002,115436,70052,14232,1,228,29.419016855149692,20.144683695134102,6.000736383725465,16.4862342389185,1.2504441266952642,0.7588283721131764,0.1541661250487456
2024-04-02,2024,4,2,3,Tue,0,129306,3603166.39,2507273.55,521655.34,2338600.9666666673,142242,90707,16217,1,228,27.86542302754706,19.39023363185003,4.034270180811409,18.085788491382203,1.1000417614031832,0.701491036765502,0.12541568063353595
2024-04-03,2024,4,3,4,Wed,0,137255,3794701.960000001,2659797.7300000004,627773.67,2485791.416666666,144908,93607,15830,1,234,27.64709453207534,19.378512476776805,4.573776328731194,18.110753099462066,1.055757531601763,0.6819933700047357,0.11533277476230375
2024-04-04,2024,4,4,5,Thu,0,135069,3832611.7399999993,2651538.61,752994.05,2415739.4500000007,149932,96181,16619,1,231,28.37521370558751,19.63099312203392,5.574884318385418,17.885224959094987,1.110040053602233,0.7120878958162125,0.12304081617543626
2024-04-05,2024,4,5,6,Fri,0,132008,3652091.48,2531494.91,624849.0000000001,2277080.0999999996,151224,92327,16951,1,233,27.66568298890976,19.17682951033271,4.733417671656264,17.249561390218773,1.1455669353372522,0.6994045815405127,0.12840888431004183
2024-04-06,2024,4,6,7,Sat,1,129101,3392390.85,2416464.8500000006,761838.77,2122350.883333334,153354,88037,16335,1,232,26.277029999767624,18.717630769707444,5.901106652930651,16.439461222866854,1.1878606672295335,0.6819234552792,0.1265288417595526
2024-04-07,2024,4,7,1,Sun,1,103654,2979913.169999999,2107910.4999999995,482855.39999999997,1664751.8333333335,125208,73320,13982,1,233,28.74865581646631,20.33602658845775,4.658338317865205,16.06066175288299,1.2079418063943503,0.7073533100507458,0.1348910799390279
2024-04-08,2024,4,8,2,Mon,0,95659,2765522.87,1887141.8900000001,709054.14,1533854.4499999997,113912,72464,13781,1,231,28.910221411472,19.727802820435087,7.41230976698481,16.03460678033431,1.1908132010579244,0.7575241221421926,0.1440638099917415
2024-04-09,2024,4,9,3,Tue,0,118653,3386136.4499999997,2332385.4999999995,454720.1200000001,2102140.083333333,132590,87145,15521,1,231,28.53814442112715,19.657197879531065,3.8323524900339656,17.716704030520365,1.1174601569281855,0.7344525633570158,0.1308100090178925
2024-04-10,2024,4,10,4,Wed,0,119835,3321630.8000000003,2284817.1299999994,947693.3400000001,1914493.0833333328,127678,84809,14681,1,237,27.71836942462553,19.066358993616216,7.9083184378520475,15.976076132459905,1.0654483247799058,0.7077147744815788,0.12251011807902533
2024-04-11,2024,4,11,5,Thu,0,140046,3921856.91,2723807.0599999996,624119.2499999999,2481391.5166666666,145066,96423,15494,1,232,28.004062308098767,19.449374205618152,4.456530354312154,17.718403357944293,1.0358453650943262,0.6885094897390858,0.11063507704611342
2024-04-12,2024,4,12,6,Fri,0,121743,3421418.7399999998,2350449.2600000002,637804.6900000003,2105096.783333333,142465,89368,15421,1,228,28.10361778500612,19.306648102971014,5.238943430012405,17.29131681766782,1.1702110182926329,0.7340709527447163,0.12666847375208432
2024-04-13,2024,4,13,7,Sat,1,127656,3281899.6999999997,2305709.25,699049.6999999998,1989842.8166666664,157675,92458,16193,1,228,25.708934166823337,18.061894858056025,5.476042645860749,15.587538514967306,1.2351554176850286,0.724274613022498,0.12684871843078274
2024-04-14,2024,4,14,1,Sun,1,109427,3157367.250000001,2242193.1799999997,560833.4099999998,1816459.5,128660,75607,13879,1,234,28.85363986950205,20.490310252497096,5.125183090096592,16.599737724693174,1.1757610096228537,0.6909355095177607,0.12683341405685983
2024-04-15,2024,4,15,2,Mon,0,99339,2987290.159999999,2049137.0799999996,558364.4199999999,1751574.4499999997,119112,75690,14756,1,232,30.07167537422361,20.627720029394293,5.620797672615991,17.63229396309606,1.1990456920242805,0.761936399601365,0.14854186170587583
2024-04-16,2024,4,16,3,Tue,0,109389,3157941.21,2160124.7500000005,438594.2799999999,1975001.833333334,129196,85337,14900,1,232,28.868910128075033,19.747184360401874,4.009491630785544,18.054848598427025,1.1810693945460695,0.780124144109554,0.13621113640311183
2024-04-17,2024,4,17,4,Wed,0,124735,3557167.8499999996,2425351.8899999997,814006.2200000001,2249083.75,144421,96453,16008,1,227,28.517800537138733,19.44403647733194,6.525884635427106,18.03089549845673,1.1578225838778209,0.7732633182346574,0.12833607247364412
2024-04-18,2024,4,18,5,Thu,0,132266,3798665.4699999997,2605288.06,524603.11,2418212.3166666664,151180,100467,16109,1,233,28.7198937746662,19.697337637790515,3.966273343111608,18.282947368686333,1.1429997127001648,0.7595829616076694,0.12179244855064794
2024-04-19,2024,4,19,6,Fri,0,117358,3307769.3800000004,2251643.49,522066.83999999985,2049736.616666667,144607,90251,16137,1,230,28.18529098996234,19.186109937115496,4.448498099831284,17.465674403676502,1.2321869834182586,0.769022989485165,0.1375023432573834
2024-04-20,2024,4,20,7,Sat,1,130516,3491225.1899999995,2484782.4599999995,667516.32,2224659.7,157062,92571,16488,1,234,26.749403827883167,19.03814444206074,5.114440528364338,17.04511094425205,1.2033926874865917,0.709269361610837,0.12632933893162523
2024-04-21,2024,4,21,1,Sun,1,103893,2970216.09,2097235.19,544380.7000000001,1643738.566666667,125903,74921,13840,1,229,28.589183968121045,20.186491775191783,5.2398207771457175,15.821456370175728,1.2118525790958006,0.7211361689430472,0.13321397976764557
2024-04-22,2024,4,22,2,Mon,0,88958,2617774.110000001,1790392.6199999999,397890.6100000001,1474561.9833333334,109589,68463,13954,1,232,29.427079183434888,20.126268801007214,4.472791766901236,16.57593452340805,1.2319184334180175,0.7696103779311585,0.15686054092942736
2024-04-23,2024,4,23,3,Tue,0,98528,2795998.83,1889025.6300000001,389494.26999999996,1579876.9333333333,121609,78412,14272,1,229,28.37770816417668,19.17247513397207,3.9531328150373493,16.03480161307784,1.234258281909711,0.7958346865865541,0.1448522247482949
2024-04-24,2024,4,24,4,Wed,0,106935,3089609.9000000004,2095086.89,359704.75999999995,1814725.0500000003,131393,85509,15055,1,230,28.89241034273157,19.592153083648945,3.3637701407397014,16.97035629120494,1.228718380324496,0.7996352924673867,0.14078645906391735
2024-04-25,2024,4,25,5,Thu,0,121165,3585083.5500000003,2457507.2700000005,498332.18000000005,2305860.0333333327,146769,95262,16261,1,232,29.588441794247515,20.282319729294766,4.112839351297818,19.030743476526496,1.211315148764082,0.786217141913919,0.13420542235794164
2024-04-26,2024,4,26,6,Fri,0,111195,3222589.7099999995,2199290.6700000004,774339.8599999998,1994849.25,142156,86863,16261,1,229,28.981426413058138,19.7786831242412,6.963801070192003,17.940098475650885,1.2784387787220648,0.7811772112055398,0.14623858986465219
2024-04-27,2024,4,27,7,Sat,1,116009,3111877.62,2186013.62,582325.77,1884902.133333333,153281,88145,16624,1,233,26.824449999569,18.843483005628876,5.01966028497789,16.247895709240947,1.3212854175107103,0.7598117387444078,0.14329922678412882
2024-04-28,2024,4,28,1,Sun,1,97617,2862291.8599999994,2019596.51,614388.2999999999,1552819.633333333,123722,72309,13887,1,234,29.321653605417083,20.68898357867994,6.293865822551399,15.907266493882553,1.2674226825245603,0.7407418789759981,0.14226005716217463
2024-04-29,2024,4,29,2,Mon,0,95577,2855076.16,1946561.3999999997,581802.2899999998,1587928.4833333332,119220,74857,14554,1,232,29.872000167404295,20.36642079161304,6.087262521317888,16.61412770157395,1.2473712294798958,0.7832114420833464,0.15227512895361855
2024-04-30,2024,4,30,3,Tue,0,110270,3105564.909999999,2102494.5399999996,668658.79,1813747.7333333334,132887,87368,14993,1,230,28.163280221275045,19.066786433300077,6.063832320667453,16.448242797980715,1.2051056497687493,0.7923097850730026,0.1359662646231976
2024-05-01,2024,5,1,4,Wed,0,120089,3476859.32,2375636.2199999993,390455.08,2187231.5666666664,142535,94584,15893,1,227,28.9523546702862,19.78229662999941,3.251380892504726,18.213421434658184,1.1869113740642356,0.7876158515767473,0.1323435118953443
2024-05-02,2024,5,2,5,Thu,0,131058,3849057.1800000006,2644608.2800000003,477506.01,2446158.9000000004,153385,101394,16630,1,233,29.369112759236373,20.17891528941385,3.6434709060110793,18.664704939797648,1.1703596880770346,0.7736574646339789,0.1268903844099559
2024-05-03,2024,5,3,6,Fri,0,125960,3618515.7899999996,2476991.3400000003,460493.6500000001,2217948.2,154399,96300,17335,1,232,28.72749912670689,19.66490425531915,3.6558721022546847,17.608353445538267,1.2257780247697683,0.7645284217211813,0.13762305493807558
2024-05-04,2024,5,4,7,Sat,1,131403,3459234.309999999,2435314.1799999992,795921.9200000002,2132147.0500000003,166756,97853,17768,1,230,26.32538305822545,18.533170323356387,6.057106154349597,16.22601500726772,1.2690425637162013,0.744678584202796,0.13521761299209303
2024-05-05,2024,5,5,1,Sun,1,117843,3406871.5,2433346.8699999996,542640.6899999997,1937601.2999999998,135339,81090,14376,1,232,28.910257715774378,20.64905738991709,4.60477660955678,16.44222652172806,1.1484687253379497,0.6881189379089127,0.12199282095669663
2024-05-06,2024,5,6,2,Mon,0,101398,3142432.2299999995,2166238.2199999993,444644.18999999994,1878107.2166666666,120534,78492,14875,1,232,30.99106718081224,21.363717430324062,4.385137675299315,18.522132750810336,1.1887216710388766,0.7740981084439535,0.14669914593976213
2024-05-07,2024,5,7,3,Tue,0,117552,3431977.0,2357779.73,710118.4599999998,2213479.133333334,137553,90901,16324,1,232,29.195394378657955,20.057334030896964,6.040887947461548,18.829787101311197,1.1701459779501837,0.7732833129168368,0.13886620389274534
2024-05-08,2024,5,8,4,Wed,0,125858,3702734.02,2545661.5100000002,723443.8999999999,2389853.183333333,145399,97831,15966,1,236,29.41993373484403,20.22645767452208,5.748096267221789,18.988488481728083,1.1552622797120564,0.7773125268159354,0.12685725182348362
2024-05-09,2024,5,9,5,Thu,0,134550,3987716.08,2748974.8499999996,712373.31,2546175.516666667,155634,103188,17065,1,230,29.63742905982906,20.430879598662205,5.294487625418061,18.92363817663818,1.1567001114827202,0.7669119286510591,0.12683017465626162
2024-05-10,2024,5,10,6,Fri,0,136025,3910062.9900000007,2714228.04,857346.1199999999,2535460.8333333335,155494,98892,16848,1,234,28.745179121485027,19.95389112295534,6.302856974820804,18.63966795319488,1.143128101451939,0.7270134166513509,0.12385958463517736
2024-05-11,2024,5,11,7,Sat,1,128622,3437964.420000001,2439889.3999999994,462545.45999999996,2158707.5666666664,157521,92369,16765,1,233,26.72920977748753,18.969456236102683,3.5961613098847782,16.783346291199532,1.2246816252274106,0.7181430859417518,0.13034317612850058
2024-05-12,2024,5,12,1,Sun,1,110546,3179896.0100000007,2256057.26,808020.73,1818084.15,134126,78518,14932,1,236,28.765364735042432,20.408312014907818,7.309361985055995,16.446403759520923,1.2133048685615038,0.710274455882619,0.1350749914062924
2024-05-13,2024,5,13,2,Mon,0,109636,3345425.6700000004,2306553.8699999996,687969.8599999999,2030532.6166666667,127040,83056,15323,1,231,30.51393401802328,21.03828915684629,6.275036119522784,18.520674018266508,1.1587434784194972,0.7575613849465505,0.13976248677441716
2024-05-14,2024,5,14,3,Tue,0,129933,3872395.459999999,2697538.04,632296.4399999998,2546498.883333334,143938,96345,16040,1,231,29.803017401276033,20.76099251152517,4.866326799196508,19.598553741800263,1.1077863206421772,0.7414975410403823,0.12344823870764163
2024-05-15,2024,5,15,4,Wed,0,136500,4109378.76,2882145.880000001,926804.3400000001,2733310.9333333327,148575,100014,15951,1,233,30.1053389010989,21.114621831501836,6.789775384615385,20.024255921855918,1.0884615384615384,0.7327032967032967,0.11685714285714285
2024-05-16,2024,5,16,5,Thu,0,141623,4230209.220000001,2940198.23,621468.19,2746311.4999999995,157522,105134,16535,1,235,29.869507212811484,20.76073963974778,4.388186876425439,19.39170544332488,1.1122628386632114,0.7423511717729465,0.11675363464973909
2024-05-17,2024,5,17,6,Fri,0,131131,3812464.0799999996,2643364.2200000007,667623.29,2438042.1500000004,153720,96374,16980,1,233,29.073705531110107,20.158194629797688,5.091269722643768,18.592416362263695,1.1722628516521647,0.734944444868109,0.1294888317789081
2024-05-18,2024,5,18,7,Sat,1,135694,3696617.6800000006,2657676.9799999995,1128766.7700000003,2369692.3,159013,93587,16711,1,239,27.242307544917246,19.585810573791026,8.318472224269314,17.46350096540746,1.1718498975636358,0.6896915117838667,0.1231520922074668
2024-05-19,2024,5,19,1,Sun,1,112481,3679811.1500000004,2726407.66,549380.98,1979416.9166666665,131390,78582,14401,1,243,32.71495763728986,24.238828424356115,4.884211377921605,17.597789108086403,1.168108391639477,0.6986246566086717,0.128030511819774
2024-05-20,2024,5,20,2,Mon,0,104837,3158958.1999999993,2178313.33,385936.13000000006,1884488.0166666666,123821,78762,15767,1,235,30.13209267720365,20.778096759731774,3.681296965765904,17.975409604115594,1.1810811068611273,0.7512805593445062,0.15039537567843414
2024-05-21,2024,5,21,3,Tue,0,119667,3466340.4599999995,2379225.1200000006,694842.2900000002,2172832.766666667,138065,92182,15784,1,233,28.966552683697255,19.88204868510116,5.806465358035216,18.157326302712253,1.1537433043361995,0.770320974036284,0.13189935404079656
2024-05-22,2024,5,22,4,Wed,0,128864,3767060.4000000004,2603323.17,538584.5700000001,2352647.0166666666,146292,97564,16404,1,237,29.232837720387387,20.202098103426867,4.1794804600198665,18.256821274108102,1.1352433573379688,0.7571082691830147,0.12729699528184754
2024-05-23,2024,5,23,5,Thu,0,120682,3566512.6400000006,2468839.3300000005,502084.99,2267852.7833333337,139821,91316,15734,1,232,29.55297923468289,20.457394889047254,4.16039666230258,18.791972152709878,1.1585903448733035,0.7566662799754728,0.13037569811570907
2024-05-24,2024,5,24,6,Fri,0,107718,3182846.1800000006,2218898.1199999996,501493.24999999977,1994597.5166666666,130968,78478,16228,1,235,29.547950945988607,20.5991396052656,4.6556123396275435,18.51684506458221,1.2158413635604077,0.7285504743868249,0.1506526300154106
2024-05-25,2024,5,25,7,Sat,1,88261,2398233.1699999995,1699781.1999999995,831268.9600000003,1377302.3333333335,118761,63630,15266,1,238,27.17205979991162,19.258576268113885,9.41830434733348,15.604880222672907,1.3455659917743963,0.7209299690690112,0.17296427640747328
2024-05-26,2024,5,26,1,Sun,1,83914,2354790.0799999996,1695317.6300000004,467333.9699999998,1291209.7666666666,105867,56724,13761,1,241,28.061945324975564,20.203036799580527,5.5692014443358655,15.38729850402396,1.2616130800581549,0.6759777867817051,0.1639893224015063
2024-05-27,2024,5,27,2,Mon,0,71214,2148309.2,1523841.2100000004,493465.79,1065600.4833333332,90693,51301,10939,1,236,30.16695031875755,21.398056702333818,6.929336787710281,14.963356690163916,1.2735276771421349,0.7203780155587385,0.15360743673996685
2024-05-28,2024,5,28,3,Tue,0,103132,3135561.84,2158977.54,760475.4699999999,1900031.8833333333,126417,80683,15259,1,234,30.40338440057402,20.934118799208782,7.373807062793312,18.42330104461596,1.2257786138153046,0.7823275026180041,0.14795601753093124
2024-05-29,2024,5,29,4,Wed,0,119366,3463635.3000000003,2392828.4999999995,643068.7700000001,2189636.683333333,139580,91270,15783,1,232,29.01693363269273,20.046147981837372,5.3873696865103975,18.343889242609563,1.1693447045222258,0.7646230920027478,0.1322235812542935
2024-05-30,2024,5,30,5,Thu,0,121754,3587156.0200000005,2473225.26,405458.42000000004,2293979.7166666673,143614,94249,16066,1,231,29.462325837344157,20.313297797197627,3.330144553772361,18.84110350926185,1.179542355897958,0.7740936642738637,0.1319545969742267
2024-05-31,2024,5,31,6,Fri,0,115248,3330198.1800000006,2300443.0300000003,552944.86,2126334.233333334,140836,87024,16139,1,239,28.89593034152437,19.96080652158823,4.797869464112176,18.45007491091675,1.2220255449118422,0.7551020408163265,0.14003713730390116
2024-06-01,2024,6,1,7,Sat,1,128177,3458706.6299999994,2471392.5000000005,765214.5700000001,2158179.4,155590,90975,16755,1,234,26.983831966733497,19.28109177153468,5.969983460371206,16.837493466066455,1.2138683227100027,0.7097607215022976,0.13071767945887328
2024-06-02,2024,6,2,1,Sun,1,104989,3218459.03,2305145.12,747721.2300000001,1917624.4166666663,126736,75857,13562,1,235,30.655202259284305,21.956063206621646,7.121900675308843,18.265003159061106,1.2071359856746897,0.7225233119660155,0.12917543742677803
2024-06-03,2024,6,3,2,Mon,0,107836,3213121.7700000005,2203608.56,698068.9399999998,1884991.666666666,126498,82755,14801,1,229,29.79637384546905,20.434813605845914,6.473431321636558,17.480170505829836,1.1730590897288475,0.7674153343966764,0.13725472013056864
2024-06-04,2024,6,4,3,Tue,0,122831,3594375.5700000003,2474173.4499999997,814722.1299999998,2274750.8666666667,141183,94613,15361,1,235,29.262772182917995,20.142907327954667,6.632870610839281,18.51935477743132,1.149408536932859,0.7702697201846439,0.12505800652929636
2024-06-05,2024,6,5,4,Wed,0,131957,3808587.2399999993,2628545.6500000004,703426.46,2444037.8,148697,100022,15659,1,238,28.8623357608918,19.91971361883038,5.330724857339891,18.521471388406827,1.1268595072637297,0.757989345013906,0.11866744469789402
2024-06-06,2024,6,6,5,Thu,0,139728,4155957.680000001,2894985.1999999997,582209.7100000001,2719117.7166666663,155815,104070,16098,1,230,29.743198786213224,20.71871922592465,4.166736158822856,19.460077555441046,1.1151308256040307,0.7448041909996564,0.11520954998282378
2024-06-07,2024,6,7,6,Fri,0,129581,3702121.0500000003,2574147.46,676564.3999999997,2344210.85,149845,92892,16634,1,239,28.569937336492234,19.86516125049197,5.221169770259526,18.090698867889582,1.1563809509110132,0.7168643551137899,0.1283675847539377
2024-06-08,2024,6,8,7,Sat,1,129641,3473732.169999999,2498966.0400000005,733914.14,2150233.266666667,152029,87951,16872,1,243,26.795012148934358,19.276047238142258,5.661126804020333,16.58605893711609,1.1726922809913531,0.6784196357633773,0.13014401308228107
2024-06-09,2024,6,9,1,Sun,1,104706,3213754.04,2324165.799999998,802658.4600000002,1864326.2499999995,119542,71158,12834,1,241,30.693122075143737,22.197064160602046,7.665830611426281,17.805343055794314,1.1416919756269936,0.6795981128111092,0.12257177239126697
2024-06-10,2024,6,10,2,Mon,0,104048,3117528.19,2140048.82,844627.8,1829782.1500000001,124013,79766,14313,1,231,29.962403794402583,20.567899623250806,8.117674534830078,17.585942545748118,1.1918825926495464,0.7666269414116561,0.13756151007227432
2024-06-11,2024,6,11,3,Tue,0,117654,3338070.1099999994,2265546.79,577466.0,2038251.433333333,139902,93235,15234,1,234,28.37192199160249,19.256011610314992,4.9081714178863445,17.32411506054476,1.189096843286246,0.792450745406021,0.12948136059972462
2024-06-12,2024,6,12,4,Wed,0,120646,3392354.81,2293509.07,534003.9199999999,2027107.3833333338,144320,96027,15166,1,228,28.118253485403578,19.01023714006266,4.426204930126153,16.802110168039835,1.1962269781012218,0.795940188651095,0.1257066127347778
2024-06-13,2024,6,13,5,Thu,0,126136,3580803.5199999996,2427867.41,514175.4099999999,2173132.7166666663,151110,99330,15884,1,230,28.38843407116128,19.24801333481322,4.076357344453605,17.228489223272234,1.1979926428616732,0.7874833513033551,0.12592757024164394
2024-06-14,2024,6,14,6,Fri,0,121251,3371695.4899999993,2309189.05,527962.7999999999,2020249.1833333333,146167,91232,16165,1,233,27.80756851489884,19.04470107463031,4.3542964594106435,16.66171151853043,1.2054910887332888,0.7524226604316665,0.13331848809494354
2024-06-15,2024,6,15,7,Sat,1,112932,3048807.4600000004,2157750.419999999,387192.93999999994,1831344.3166666664,141251,81394,15967,1,233,26.99684287890058,19.106634257783437,3.428549392554811,16.21634538188172,1.25076152020685,0.7207346013530266,0.14138596677646725
2024-06-16,2024,6,16,1,Sun,1,102857,3008610.1599999997,2167253.1899999995,640648.7899999998,1607285.0666666664,116030,67761,13288,1,247,29.25041718113497,21.07054638964776,6.228538553525767,15.62640429593189,1.1280710112097379,0.6587884149839097,0.12918906831815044
2024-06-17,2024,6,17,2,Mon,0,98665,2827790.670000001,1927903.1299999997,350822.20999999996,1584642.35,118586,74837,14667,1,229,28.660524704809212,19.53988881568945,3.5556905690974507,16.060835656007704,1.2019054375918512,0.7584959205391983,0.14865453808341358
2024-06-18,2024,6,18,3,Tue,0,120014,3329426.110000001,2284170.96,485273.54000000004,2062734.8333333335,138852,90538,15916,1,231,27.741981018881138,19.032537537287315,4.043474427983402,17.187451741741242,1.1569650207475795,0.7543953205459363,0.13261786124952088
2024-06-19,2024,6,19,4,Wed,0,101409,2839985.4400000004,1915131.96,395661.61000000004,1635529.8166666667,128302,80457,14295,1,228,28.005260282617918,18.885226755021744,3.901641964717136,16.128053887393296,1.2651934246467276,0.793391119131438,0.14096381977930952
2024-06-20,2024,6,20,5,Thu,0,122383,3545879.8999999994,2443044.25,608549.1700000002,2296913.9499999997,145557,93701,16364,1,228,28.973631141580118,19.96228438590327,4.972497569106822,18.76824354689785,1.1893563648545957,0.765637384277228,0.13371138148272227
2024-06-21,2024,6,21,6,Fri,0,116965,3329519.6799999992,2295496.8899999997,498467.2000000001,2104127.683333334,144206,87297,16603,1,231,28.465948617107674,19.625502415252424,4.2616782798273,17.98937873152938,1.2328987303894328,0.7463514726627624,0.1419484461163596
2024-06-22,2024,6,22,7,Sat,1,115433,3076308.3500000006,2172763.98,411082.6,1844849.1666666665,146742,83525,16028,1,232,26.650163731341994,18.822728162657125,3.5612225273535296,15.981990996220029,1.2712309304964784,0.7235799121568356,0.13885110843519619
2024-06-23,2024,6,23,1,Sun,1,100471,2898980.3499999996,2045936.4599999995,611125.7099999998,1636624.7333333334,127587,74269,14078,1,229,28.853901623353998,20.363452737605872,6.0826080162434915,16.289523676815534,1.2698888236406525,0.7392083287714863,0.14012003463686037
2024-06-24,2024,6,24,2,Mon,0,107938,3316734.0000000005,2293053.43,984802.8100000002,1964190.5166666668,128729,81044,15678,1,230,30.728140228649785,21.24417193203506,9.123782263892236,18.197395881586345,1.1926198373140136,0.7508384442920936,0.14525005095517798
2024-06-25,2024,6,25,3,Tue,0,124556,3663669.23,2550777.3699999996,514751.1400000001,2361297.283333333,140089,90985,16191,1,233,29.413831770448635,20.478960226725327,4.132688429300877,18.95771607416209,1.12470695911879,0.7304746459423873,0.12998972349786442
2024-06-26,2024,6,26,4,Wed,0,130629,3817135.8799999994,2668696.59,699170.99,2496683.216666667,146626,95823,16235,1,232,29.221198049437717,20.429587534161634,5.352341287156757,19.112779066414554,1.1224613217585682,0.7335507429437568,0.12428327553606014
2024-06-27,2024,6,27,5,Thu,0,125420,3884175.5200000005,2731806.39,606395.0299999998,2597131.9499999993,141987,92217,15716,1,231,30.96934715356403,21.78126606601818,4.834914925849145,20.707478472332955,1.132092170307766,0.7352655078934779,0.12530696858555254
2024-06-28,2024,6,28,6,Fri,0,110001,3277818.21,2294766.89,447116.38,2099988.266666667,130300,79385,14919,1,231,29.798076472032072,20.86132753338606,4.064657412205344,19.090628873070855,1.1845346860483086,0.7216752574976592,0.1356260397632749
2024-06-29,2024,6,29,7,Sat,1,107555,2948496.4000000004,2109385.5799999996,409846.37999999995,1811689.3666666672,133094,75456,14379,1,232,27.413847798800617,19.61215731486216,3.810574868671842,16.844306323896305,1.2374506066663566,0.7015573427548696,0.13368974013295523
2024-06-30,2024,6,30,1,Sun,1,89711,2668762.8699999996,1934333.989999999,530571.5899999999,1516823.4666666668,106944,61420,11893,1,231,29.748446344372482,21.561837344361326,5.91423114222336,16.907887178458235,1.1920946149301646,0.6846429088963449,0.13257014190010144
2024-07-01,2024,7,1,2,Mon,0,83981,2523920.0699999994,1758507.4799999995,481317.55000000005,1448527.166666667,104001,62124,13964,1,234,30.0534653076291,20.939349138495608,5.731267191388529,17.248272426699693,1.2383872542598922,0.7397387504316453,0.16627570521903764
2024-07-02,2024,7,2,3,Tue,0,86265,2438033.4499999993,1687332.2299999995,513611.5599999999,1484136.3166666667,107550,65337,14261,1,231,28.262139338086122,19.5598705152727,5.953881180084622,17.204385517494543,1.2467396974439229,0.7573987132672578,0.16531617689677158
2024-07-03,2024,7,3,4,Wed,0,78859,2244791.5299999993,1556973.8000000003,360244.38999999996,1362119.8666666672,100688,58498,13842,1,232,28.465888864936144,19.743767990971232,4.56820895522388,17.27285239055361,1.2768105098974118,0.7418049937229739,0.17552847487287437
2024-07-04,2024,7,4,5,Thu,0,60371,1738213.6199999999,1257407.3400000003,306248.55,938699.1833333335,79226,40168,10989,1,242,28.792195259313246,20.828002517765157,5.072775836080237,15.548842711456386,1.3123188285766345,0.6653525699425221,0.1820244819532557
2024-07-05,2024,7,5,6,Fri,0,72443,2065355.2799999993,1442961.16,397651.76,1112623.8499999999,99814,51595,14114,1,233,28.510073851165735,19.918572670927485,5.489167483400743,15.358610907886199,1.3778280855293128,0.7122151208536367,0.19482903800229145
2024-07-06,2024,7,6,7,Sat,1,73447,2168301.9099999997,1542350.0100000002,290675.4,1179680.9833333336,106478,55023,13546,1,227,29.521994227129763,20.99949637153322,3.9576211417757023,16.061663285543776,1.4497256525113347,0.749152450066034,0.18443231173499258
2024-07-07,2024,7,7,1,Sun,1,74185,2391615.51,1702564.5499999998,731679.89,1265568.1166666667,100985,56220,12141,1,234,32.238532183055874,22.950253420502793,9.862908809058435,17.05962278987217,1.361259014625598,0.7578351418750421,0.1636584215137831
2024-07-08,2024,7,8,2,Mon,0,89555,2764312.1100000003,1909837.19,429790.04000000004,1613357.8666666665,113051,69089,14269,1,236,30.86720015632852,21.325857741052985,4.799174138797388,18.015274040161536,1.2623639104460946,0.7714700463402379,0.15933225392217074
2024-07-09,2024,7,9,3,Tue,0,108722,3148392.6599999988,2170911.0599999996,410333.7199999999,1936509.0999999999,129846,83482,15310,1,231,28.958193006015332,19.96754161991133,3.774155368738617,17.811566196354004,1.1942937032063428,0.7678482735784846,0.14081786574934235
2024-07-10,2024,7,10,4,Wed,0,116746,3311954.31,2284101.0900000003,648813.7599999998,2072408.9499999997,137509,89259,15620,1,225,28.368888955510254,19.564705343223753,5.557481712435542,17.75143431038322,1.1778476350367464,0.7645572439312696,0.13379473386668495
2024-07-11,2024,7,11,5,Thu,0,115714,3415870.0600000005,2373429.3299999996,464056.0599999999,2180483.916666667,135472,87337,15375,1,233,29.519937604784214,20.511168311526692,4.010370914496084,18.843734696464274,1.170748569749555,0.7547660611507683,0.132870698446169
2024-07-12,2024,7,12,6,Fri,0,99611,2847119.9799999995,1963825.66,692536.21,1703688.4833333332,124588,75454,14732,1,229,28.58238527873427,19.714947746734797,6.952406963086406,17.10341712595329,1.2507453996044613,0.7574866229633274,0.14789531276666232
2024-07-13,2024,7,13,7,Sat,1,98669,2704348.5599999996,1917223.2599999998,462222.77999999997,1614582.5166666664,128640,71980,14518,1,230,27.408289939089276,19.430857310806836,4.6845795538619015,16.363625015624628,1.3037529517883022,0.7295097751066698,0.14713841226727747
2024-07-14,2024,7,14,1,Sun,1,94109,2752649.86,1973253.9399999992,761504.5199999999,1516953.7333333332,110517,64164,12497,1,233,29.249592068771317,20.967749524487555,8.091728952597519,16.119114360298518,1.1743510184998247,0.6818051408473154,0.1327928253408282
2024-07-15,2024,7,15,2,Mon,0,100187,3015342.729999999,2096891.9700000002,470046.9700000001,1786253.1500000001,117637,73838,14484,1,235,30.097145637657572,20.929781009512215,4.691696228053541,17.829190912992704,1.174174294070089,0.7370018066216176,0.1445696547456257
2024-07-16,2024,7,16,3,Tue,0,125253,3561990.970000001,2474736.86,517071.8800000001,2187878.216666667,139561,91445,15573,1,231,28.438368502151654,19.757904880521824,4.128219523684065,17.467671166891545,1.1142327928273175,0.730082313397683,0.12433235132092645
2024-07-17,2024,7,17,4,Wed,0,125831,3558333.94,2477071.2099999995,388887.81999999995,2180630.7833333337,139467,91841,15474,1,229,28.278674889335697,19.68569915203725,3.0905565401212733,17.32983750692066,1.1083675723788255,0.7298757857761601,0.12297446575168282
2024-07-18,2024,7,18,5,Thu,0,118072,3568603.8700000006,2486877.74,563628.1699999999,2239878.4999999995,136177,88215,15335,1,230,30.223963937258628,21.06238346093909,4.773597211870722,18.97044599905142,1.1533386408293245,0.7471288705196829,0.1298783792939901
2024-07-19,2024,7,19,6,Fri,0,103490,3024233.799999999,2105271.2700000005,615650.9399999998,1795905.0333333337,124998,75338,14881,1,236,29.222473668953512,20.342750700550784,5.948893033143297,17.35341611105743,1.2078268431732535,0.7279737172673688,0.14379167069282056
2024-07-20,2024,7,20,7,Sat,1,103449,2870845.959999999,2055876.6699999995,511245.17000000004,1711709.1833333336,130147,73019,14618,1,233,27.751316687449844,19.873335363319118,4.9420020493189885,16.546406280711594,1.2580788601146458,0.7058453924155864,0.14130634418892402
2024-07-21,2024,7,21,1,Sun,1,90775,2721074.07,1950955.6799999997,411543.11000000004,1468883.0833333333,112932,64089,13208,1,235,29.97602941338474,21.49221349490498,4.5336613605067475,16.181581749747544,1.244087028366841,0.7060203800605893,0.14550261635912973
2024-07-22,2024,7,22,2,Mon,0,92280,2747308.24,1901966.73,485641.18999999977,1572448.5499999998,112317,69859,13911,1,236,29.7714373645427,20.610822821846554,5.262691699176417,17.03997128305158,1.2171326397919375,0.7570329432162982,0.1507477243172952
2024-07-23,2024,7,23,3,Tue,0,107299,3131483.67,2164103.31,457993.36999999994,1909144.6500000004,126302,81689,14591,1,230,29.184649157960465,20.16890474282146,4.268384327906131,17.79275342733856,1.1771032348856934,0.761321167951239,0.1359844919337552
2024-07-24,2024,7,24,4,Wed,0,112096,3223774.32,2222715.1100000003,648836.65,1978344.083333333,131422,85315,14661,1,233,28.75904867256637,19.828674618184415,5.788223040964888,17.648659036302213,1.172405795032829,0.7610887096774194,0.1307896802740508
2024-07-25,2024,7,25,5,Thu,0,111866,3335941.0,2310426.04,460859.3,2094987.7333333334,135092,85881,15121,1,229,29.820866036150395,20.653514383279997,4.119744158189262,18.727653919272463,1.2076234065757245,0.7677131568126151,0.1351706505998248
2024-07-26,2024,7,26,6,Fri,0,97066,2836546.349999999,1958574.0699999994,822211.2899999998,1706835.6999999997,125964,74481,14964,1,233,29.222862279273887,20.17775606288504,8.4706415222632,17.584279768405,1.2977149568334947,0.7673232645828612,0.15416314672490883
2024-07-27,2024,7,27,7,Sat,1,94890,2635160.1999999993,1869590.7799999996,386189.98999999993,1572315.5499999998,129393,71511,14607,1,231,27.770683949836645,19.70271661924333,4.069870270839919,16.569876172410158,1.3636104963642113,0.7536199810306671,0.15393613657919697
2024-07-28,2024,7,28,1,Sun,1,87000,2598244.7299999995,1848986.56,484303.9700000001,1412389.7000000002,110938,63339,12735,1,234,29.864881954022984,21.25271908045977,5.566712298850576,16.234364367816095,1.2751494252873563,0.7280344827586207,0.1463793103448276
2024-07-29,2024,7,29,2,Mon,0,86145,2568991.17,1765546.55,324063.8000000001,1459707.4000000001,109522,67284,13718,1,232,29.821709559463695,20.495055429798597,3.761841081896803,16.94477218642986,1.2713680422543385,0.7810551976318997,0.15924313657205874
2024-07-30,2024,7,30,3,Tue,0,100782,2843565.130000001,1939871.4600000002,400217.33,1713187.7166666666,125556,80517,14710,1,224,28.215009922406786,19.248193725069957,3.9711191482606023,16.998945413532837,1.2458177055426565,0.7989224266238019,0.14595860371891806
2024-07-31,2024,7,31,4,Wed,0,107811,3084311.38,2118985.0599999996,427795.64,1905970.583333333,130500,84956,14208,1,226,28.608503584977413,19.65462763539898,3.96801476658226,17.678813695572188,1.2104516236747642,0.7880086447579561,0.13178618137295822
2024-08-01,2024,8,1,5,Thu,0,115220,3302076.8400000003,2279354.3799999994,783460.2500000002,2093383.6666666663,135920,87193,15406,1,231,28.658885957299084,19.782627842388468,6.799689724006251,18.168578950413696,1.1796563096684602,0.7567522999479257,0.133709425446971
2024-08-02,2024,8,2,6,Fri,0,106145,3006674.5300000003,2088267.67,487724.4600000001,1820258.6833333333,129781,77496,15505,1,233,28.32610608130388,19.673726223562106,4.59488868999953,17.14879347433542,1.2226765273917755,0.7300956239106882,0.14607376701681662
2024-08-03,2024,8,3,7,Sat,1,111019,3059959.68,2221169.71,590186.2600000001,1874809.666666667,129142,72547,14580,1,230,27.56248642124321,20.00711328691485,5.316083373116315,16.887286560558707,1.1632423278898207,0.6534647222547492,0.13132887163458506
2024-08-04,2024,8,4,1,Sun,1,85048,2588085.04,1853897.8000000005,823189.0600000002,1390336.1833333333,109313,62020,12559,1,234,30.43087480011288,21.79825275138746,9.679111325369206,16.34766465211802,1.2853094722979965,0.7292352553851943,0.14766955131220016
2024-08-05,2024,8,5,2,Mon,0,92414,2781527.2800000003,1926027.8399999999,393644.24999999994,1583710.9333333336,114594,69650,14669,1,237,30.09854870474171,20.84129937022529,4.259573765879628,17.137132180549848,1.2400069253576298,0.753673685805181,0.1587313610491917
2024-08-06,2024,8,6,3,Tue,0,117146,3296519.2700000005,2310876.5500000003,361599.9600000001,2069147.9833333332,130309,83012,15431,1,233,28.140263175866018,19.726465692383865,3.086746111689687,17.66298450935869,1.112364058525259,0.7086200126338074,0.13172451470814198
2024-08-07,2024,8,7,4,Wed,0,108225,3210636.670000001,2231050.5700000003,513521.7099999999,2008361.2000000002,128773,83049,14780,1,235,29.666312497112504,20.614927881727883,4.744945345345345,18.557276045276048,1.18986370986371,0.7673735273735274,0.13656733656733658
2024-08-08,2024,8,8,5,Thu,0,107746,3148674.6300000004,2187619.29,359650.24000000017,2000476.5833333335,126163,81177,14203,1,234,29.22312317858668,20.303484955357973,3.3379451673380003,18.566597213198946,1.1709297792957511,0.7534107994728343,0.1318192786739183
2024-08-09,2024,8,9,6,Fri,0,90511,2595505.47,1792867.3999999997,315845.01000000007,1481994.7333333334,113779,68503,13213,1,228,28.67613295621527,19.808281866292493,3.489575963142602,16.373642246062175,1.2570737258454774,0.7568472340378517,0.14598225630033917
2024-08-10,2024,8,10,7,Sat,1,94097,2621377.82,1879454.0100000002,663523.0800000003,1602052.1500000008,119549,66300,14004,1,235,27.858250741256363,19.97358056048546,7.051479643346762,17.025539071383793,1.2704868380500973,0.7045920698853311,0.1488251485169559
2024-08-11,2024,8,11,1,Sun,1,79800,2502533.36,1807032.53,448487.69999999995,1404109.55,98709,56295,11293,1,237,31.360067167919798,22.644517919799497,5.620146616541353,17.59535776942356,1.2369548872180451,0.7054511278195489,0.14151629072681704
2024-08-12,2024,8,12,2,Mon,0,78996,2392194.7099999995,1655607.59,527450.47,1353815.1333333335,99365,60735,13046,1,236,30.28247898627778,20.958119271861868,6.676926300065825,17.13776815703749,1.25784849865816,0.7688363967795838,0.16514760241024862
2024-08-13,2024,8,13,3,Tue,0,90272,2577834.9400000004,1767344.35,320645.43,1505478.5333333337,111653,70608,13610,1,234,28.55630693902872,19.57799040677065,3.5519920905707196,16.677137244475958,1.2368508507621412,0.782169443459766,0.15076657213753988
2024-08-14,2024,8,14,4,Wed,0,97788,2784726.4000000004,1908703.94,328114.52000000014,1676948.9166666665,119961,76547,14535,1,232,28.477179203992314,19.518795148689,3.3553658935656743,17.148821089158858,1.2267456129586451,0.782785208819078,0.148637869677261
2024-08-15,2024,8,15,5,Thu,0,99635,2901096.3599999994,2004330.0299999998,444397.29,1800525.7666666666,122163,76769,14691,1,231,29.1172415315903,20.11672635118181,4.460252822803231,18.071217610946622,1.2261052842876499,0.7705023335173383,0.14744818587845637
2024-08-16,2024,8,16,6,Fri,0,92741,2692571.38,1864961.4900000002,461469.3500000002,1635947.6999999995,119490,69961,14827,1,237,29.033236432645754,20.109352821298025,4.975893617709537,17.639961829180184,1.2884269093496943,0.7543696962508492,0.15987535178615714
2024-08-17,2024,8,17,7,Sat,1,91615,2561904.5399999996,1834079.0499999998,529684.9099999999,1544397.3666666665,120189,66796,13952,1,235,27.96381094798886,20.01941876330295,5.781639578671614,16.857472757372335,1.311892157397806,0.7290945805817824,0.15228947224799433
2024-08-18,2024,8,18,1,Sun,1,81938,2417597.6499999994,1735589.1199999994,633866.1000000001,1323760.133333333,103343,58464,12020,1,230,29.50520698576972,21.18173643486538,7.735923503136519,16.15563149373103,1.2612341038346067,0.7135150967804925,0.14669628255510264
2024-08-19,2024,8,19,2,Mon,0,82943,2664180.9500000007,1863152.48,344512.59,1516830.516666667,102661,63342,13205,1,232,32.12062440471168,22.463046670605113,4.153606573188816,18.287625437549487,1.2377295250955476,0.7636810821889731,0.1592057195905622
2024-08-20,2024,8,20,3,Tue,0,91550,2751927.3899999997,1904331.9,479621.4099999999,1644716.9833333332,113148,71436,13918,1,234,30.059283342435823,20.801003823047512,5.238901256144183,17.965231931549244,1.2359148006553795,0.7802949208083014,0.15202621518296014
2024-08-21,2024,8,21,4,Wed,0,92500,2710911.2900000005,1869127.56,325987.97,1625900.0166666666,114776,72058,14061,1,238,29.307149081081086,20.206784432432432,3.5241942702702698,17.577297477477476,1.2408216216216217,0.7790054054054054,0.1520108108108108
2024-08-22,2024,8,22,5,Thu,0,94212,2846551.0100000007,1976120.9,343424.02,1753042.9833333339,117328,73044,13994,1,232,30.214314630832597,20.97525686749034,3.6452258735617544,18.607427751595697,1.2453615250711163,0.7753152464654184,0.1485373413153314
2024-08-23,2024,8,23,6,Fri,0,89827,2676585.57,1852976.82,331820.06000000006,1589295.383333333,115803,68140,14403,1,231,29.797116345864826,20.62828347824151,3.693990225655984,17.692847176609853,1.289178086766785,0.758569249780133,0.16034154541507564
2024-08-24,2024,8,24,7,Sat,1,88660,2514747.56,1793145.79,320728.16,1452136.6,119270,65229,14442,1,237,28.363947214076248,20.224969433792015,3.6175068802165575,16.378711933228065,1.3452515226708774,0.7357207308820212,0.1628919467629145
2024-08-25,2024,8,25,1,Sun,1,82219,2520904.5899999994,1798381.3799999997,449119.52,1370401.4666666663,106873,60190,12465,1,240,30.66085199284836,21.873063160583317,5.462478502535911,16.66769805843742,1.2998576971259685,0.7320692297400844,0.15160729271822815
2024-08-26,2024,8,26,2,Mon,0,84158,2557014.01,1783882.63,398290.0299999999,1446460.7333333332,104003,63078,13735,1,234,30.383493072554003,21.196827752560658,4.7326460942512885,17.18744187520299,1.2358064592789753,0.7495187623280021,0.16320492407138953
2024-08-27,2024,8,27,3,Tue,0,92639,2705255.3,1869548.0700000003,512054.28999999986,1587081.183333333,113497,70383,14490,1,238,29.20212113688619,20.18100443657639,5.527415991105257,17.13189027659337,1.2251535530392168,0.7597556104880234,0.15641360550092293
2024-08-28,2024,8,28,4,Wed,0,102432,2988343.49,2067688.8700000006,429694.4,1777979.8333333337,123878,77417,15093,1,237,29.17392504295533,20.185966006716658,4.194923461418307,17.357660041132984,1.209368166198063,0.7557892064979694,0.14734653233364572
2024-08-29,2024,8,29,5,Thu,0,98597,2999658.33,2087186.0000000002,470182.55000000005,1818998.35,120402,74201,14565,1,237,30.423423937848007,21.168859093075856,4.768730793026157,18.4488204509265,1.2211527734109557,0.7525685365680498,0.14772254733916854
2024-08-30,2024,8,30,6,Fri,0,91861,2813715.14,1965359.2299999997,472574.13999999984,1651536.3166666671,117052,67253,14728,1,240,30.63013836121967,21.394925267523757,5.144448024733019,17.978645090589772,1.274229542460892,0.7321170028630213,0.16032919301988874
2024-08-31,2024,8,31,7,Sat,1,87772,2575960.7500000005,1847559.82,570856.9100000001,1430856.1333333333,119958,63436,14717,1,234,29.348320079296364,21.049535387139407,6.503861254158504,16.301965699008036,1.366700086587978,0.7227361801029941,0.16767306202433577
2024-09-01,2024,9,1,1,Sun,1,87362,2626345.6799999997,1903259.3499999994,561910.6500000001,1432151.5500000005,110968,58890,13564,1,232,30.062792518486294,21.78589489709484,6.431980151553309,16.393300863075485,1.2702090153613699,0.6740917103546165,0.1552620132322978
2024-09-02,2024,9,2,2,Mon,0,78509,2594387.18,1866992.1099999994,422067.05999999994,1304784.583333333,97751,55728,10994,1,236,33.04572953419353,23.780612541237304,5.376034085264109,16.619554233697194,1.2450929192831395,0.7098294463055191,0.1400349004572724
2024-09-03,2024,9,3,3,Tue,0,101033,3156209.3399999994,2198907.51,510206.96000000014,1886182.7999999998,120582,77745,14339,1,239,31.23939049617451,21.764250393435805,5.04990409074263,18.668977462809178,1.1934912355369038,0.769501054111033,0.1419239258460107
2024-09-04,2024,9,4,4,Wed,0,116329,3485392.16,2426084.6,518368.73999999993,2273782.083333333,134915,89766,14953,1,232,29.96150710484918,20.855372263150205,4.456057732809531,19.546132807239236,1.1597709943350325,0.7716562508059039,0.12854060466435713
2024-09-05,2024,9,5,5,Thu,0,127838,3819606.64,2667981.3600000003,640986.16,2481905.4166666665,144806,96574,15374,1,238,29.878491841236567,20.87001799152052,5.014050282388649,19.414457490469708,1.132730487022638,0.7554404793566858,0.12026158106353353
2024-09-06,2024,9,6,6,Fri,0,126191,3669644.250000001,2564531.66,538792.7499999999,2371372.2999999993,143262,91671,15426,1,239,29.080079007219222,20.322619362712082,4.269660673106639,18.791928901427198,1.1352790611057841,0.7264464185243005,0.12224326616002726
2024-09-07,2024,9,7,7,Sat,1,122119,3419196.909999999,2460175.9799999995,667055.09,2160293.3000000003,144785,87351,14491,1,238,27.99889378393206,20.14572654541881,5.462336655229735,17.690067065730968,1.1856058434805394,0.7152940983794496,0.11866294352230201
2024-09-08,2024,9,8,1,Sun,1,110182,3283679.74,2356810.4499999993,688084.2099999997,1887845.566666667,124773,76926,12775,1,240,29.80232469913416,21.39015855584396,6.244978399375576,17.1338836349555,1.132426349131437,0.6981721152275326,0.115944528144343
2024-09-09,2024,9,9,2,Mon,0,106092,3218240.89,2237038.1900000004,706957.3300000001,1969572.4,119101,79738,13755,1,233,30.33443511292086,21.08583295630208,6.663625249783208,18.564758888511857,1.1226199901971874,0.7515929570561399,0.1296516231195566
2024-09-10,2024,9,10,3,Tue,0,119516,3522310.5599999996,2463853.7999999993,646160.34,2339237.5,129365,88374,14455,1,231,29.471456206700356,20.615263228354358,5.406475618327253,19.57258860738311,1.08240737641822,0.7394323772549282,0.12094614946952709
2024-09-11,2024,9,11,4,Wed,0,118211,3403192.54,2350028.4999999995,476410.4,2211440.2500000005,130690,89384,13977,1,236,28.78913586722048,19.879947720601294,4.030169781154038,18.707567400664917,1.1055654719103976,0.7561394455676713,0.11823772745345187
2024-09-12,2024,9,12,5,Thu,0,136099,4008677.4799999995,2785117.1299999994,1055237.1900000002,2610596.8,148557,101318,15382,1,238,29.454128832687967,20.463905906729657,7.753452927648257,19.18160162822651,1.0915363081286416,0.7444433831255189,0.11302066877787494
2024-09-13,2024,9,13,6,Fri,0,126651,3608822.4200000004,2519982.5699999994,702315.09,2340943.2833333327,139467,89302,15134,1,243,28.494227601834968,19.897060189023374,5.545278679205059,18.483417291086,1.1011914631546533,0.7051029995815272,0.11949372685569004
2024-09-14,2024,9,14,7,Sat,1,130516,3528552.6999999993,2547487.2699999996,776625.5699999997,2293537.1500000004,148449,87711,15364,1,237,27.03540332219804,19.518582166171193,5.950424239173739,17.572842793220758,1.1374007784486193,0.6720325477336112,0.11771736798553434
2024-09-15,2024,9,15,1,Sun,1,111136,3382658.35,2457693.11,1001088.8599999999,2065396.3166666662,122821,73548,13569,1,247,30.437107237978694,22.11428439029657,9.007781996832708,18.584403943516648,1.1051414483155773,0.661783760437662,0.12209365102217104
2024-09-16,2024,9,16,2,Mon,0,105009,3181335.249999998,2201920.6700000004,587289.49,1913828.6000000003,118145,78924,13988,1,239,30.295834166595228,20.968875715414875,5.592753859193022,18.225376872458554,1.125094039558514,0.7515927206239466,0.13320762982220571
2024-09-17,2024,9,17,3,Tue,0,125605,3599149.5599999996,2477950.7399999998,882437.1300000001,2291706.9999999995,137338,94396,14867,1,236,28.65450865809482,19.728121810437482,7.025493650730466,18.245348513196127,1.0934118864694877,0.7515305919350345,0.11836312248716213
2024-09-18,2024,9,18,4,Wed,0,132343,3856770.170000001,2665683.420000001,738361.0699999998,2467142.283333333,143957,99657,14799,1,240,29.142230189734256,20.142232078765034,5.57914714038521,18.642030808832605,1.0877568137340095,0.753020560210967,0.11182306582138836
2024-09-19,2024,9,19,5,Thu,0,139833,4166499.0300000007,2906594.7199999997,712413.8000000002,2761591.8333333335,150529,102655,15538,1,235,29.79625002681771,20.786185807355917,5.094747305714675,19.749213943299033,1.0764912431257285,0.7341257070934615,0.1111182624988379
2024-09-20,2024,9,20,6,Fri,0,132362,3902279.460000002,2731246.7400000007,697275.4199999998,2533681.783333334,147535,95396,15612,1,239,29.481871383025354,20.634674151191433,5.267942611927893,19.14206330618557,1.1146325984799264,0.7207204484670827,0.11794926036173524
2024-09-21,2024,9,21,7,Sat,1,134498,3775524.6400000006,2733723.5799999996,832099.81,2566794.5500000003,154166,92643,15840,1,243,28.071232583384145,20.325384615384614,6.186707683385627,19.08425813023242,1.1462326577346875,0.6888057814986096,0.11777126797424498
2024-09-22,2024,9,22,1,Sun,1,114029,3517539.15,2524586.33,533469.1000000001,2128930.4333333336,131801,82061,13536,1,241,30.84775934192179,22.139862052635735,4.67836339878452,18.670078956522758,1.1558550894947777,0.7196502644064229,0.11870664480088398
2024-09-23,2024,9,23,2,Mon,0,109468,3419591.959999999,2394657.31,1029036.8000000003,2206952.3333333326,121401,81984,13652,1,231,31.238279314502858,21.875409343369753,9.40034347937297,20.160707543148067,1.10900902546863,0.74893119450433,0.1247122446742427
2024-09-24,2024,9,24,3,Tue,0,114044,3478714.36,2432740.1,496450.23000000004,2312609.5833333335,124199,85609,13492,1,235,30.50326505559258,21.33159219248711,4.3531464171723195,20.278222294319153,1.0890445792851882,0.7506664094559994,0.11830521553084775
2024-09-25,2024,9,25,4,Wed,0,121862,3728632.4700000007,2599344.14,865778.4200000002,2484163.6,131827,92059,13705,1,234,30.597171144409256,21.33022714217722,7.104580755280565,20.385055226403637,1.081772824998769,0.7554364773268123,0.11246327813428304
2024-09-26,2024,9,26,5,Thu,0,130444,4052827.7900000005,2823877.61,602883.23,2702898.2000000007,144836,99582,14631,1,232,31.069484146453654,21.64819853730336,4.621778157676857,20.72075526662783,1.1103308699518568,0.7634080524976234,0.1121630738094508
2024-09-27,2024,9,27,6,Fri,0,121882,3587565.060000001,2481789.5,578336.13,2263517.7833333337,142240,92038,14830,1,230,29.434740650793398,20.362231502600878,4.745049556128058,18.571386942561933,1.167030406458706,0.7551402175875027,0.12167506276562577
2024-09-28,2024,9,28,7,Sat,1,139507,3722761.26,2652890.13,629658.63,2400566.7833333327,165725,100490,15997,1,228,26.68512160680109,19.01617933150308,4.513455453848194,17.20750057942134,1.1879332219888608,0.7203222777351674,0.11466808117155411
2024-09-29,2024,9,29,1,Sun,1,116999,3367192.599999999,2394647.8600000003,491121.27999999997,1943900.166666667,133271,82423,13125,1,238,28.77966991170864,20.467250660262057,4.197653655159446,16.614673344786425,1.1390781117787332,0.70447610663339,0.11218044598671784
2024-09-30,2024,9,30,2,Mon,0,102775,3154043.2699999996,2173240.7,581945.1400000002,1886819.1166666667,120073,80438,13821,1,234,30.688818000486496,21.145616151787888,5.662321965458529,18.35873623611449,1.1683094137679397,0.7826611530041353,0.13447822914132815
2024-10-01,2024,10,1,3,Tue,0,117036,3346048.62,2290603.17,376173.1100000001,2086430.6500000006,131934,91322,14365,1,235,28.589909258689634,19.57178278478417,3.2141658122287167,17.82725528897092,1.1272941658976725,0.7802898253528828,0.12274001162035612
2024-10-02,2024,10,2,4,Wed,0,111823,3243147.0900000003,2221421.2100000004,573330.9400000002,2013695.5333333332,131264,88279,14518,1,232,29.002504761989933,19.8655125510852,5.127128944850345,18.007883291749756,1.173855110308255,0.7894529747905171,0.12983017804923852
2024-10-03,2024,10,3,5,Thu,0,106831,3049347.000000001,2070817.77,753929.3999999999,1782774.8666666665,130726,85050,14704,1,236,28.543653059505207,19.38405303703981,7.05721560221284,16.687804725844245,1.2236710318166075,0.79611723188962,0.13763795153092268
2024-10-04,2024,10,4,6,Fri,0,110073,3169356.450000001,2171889.8100000005,621894.28,1904155.0666666664,136226,84963,15554,1,238,28.79322313373853,19.73135837126271,5.6498349277297795,17.29902034710298,1.2375968675333642,0.7718786623422638,0.1413062240513114
2024-10-05,2024,10,5,7,Sat,1,121733,3336480.1299999994,2378319.3,429741.12,2117273.333333333,147670,87970,15238,1,233,27.408181265556582,19.537178086467925,3.530194113346422,17.392763945136757,1.2130646578988442,0.7226471047292025,0.12517558919931326
2024-10-06,2024,10,6,1,Sun,1,101340,3147782.379999999,2247243.7199999993,497174.6099999999,1815918.15,123227,74904,12562,1,237,31.061598381685407,22.175288336293658,4.906005624629958,17.919066015393724,1.2159759226366686,0.7391355831853168,0.1239589500690744
2024-10-07,2024,10,7,2,Mon,0,100052,3160821.5900000003,2182195.15,455102.0900000001,1911924.416666666,117447,78649,13270,1,232,31.591788170151524,21.810609982808938,4.548655599088475,19.109307326856694,1.173859593011634,0.7860812377563667,0.132631031863431
2024-10-08,2024,10,8,3,Tue,0,119293,3517778.4899999998,2414314.9299999997,562637.12,2248332.1500000004,135560,93396,14292,1,234,29.488557501278365,20.238529754470083,4.716430301861802,18.847142330228934,1.1363617311996512,0.7829126604243334,0.11980585616926391
2024-10-09,2024,10,9,4,Wed,0,127628,3726356.1099999994,2554935.5899999994,496391.6500000001,2402413.883333334,144451,100372,14662,1,239,29.19701092236813,20.018613392045626,3.889363227504937,18.82356444771785,1.1318127683580406,0.7864418466167299,0.11488074717146708
2024-10-10,2024,10,10,5,Thu,0,140771,4128087.4300000006,2841568.61,998664.0499999999,2678406.283333333,158404,108620,15718,1,233,29.324842687769504,20.1857528184072,7.094245618770911,19.026690748331212,1.1252601743256778,0.7716077885359911,0.11165652016395422
2024-10-11,2024,10,11,6,Fri,0,126123,3679941.13,2544665.7699999996,724891.0099999998,2275775.3999999994,147522,93149,15495,1,233,29.177399284825132,20.176064397453278,5.747492606423886,18.044095050070165,1.169667705335268,0.7385568056579688,0.12285625936585715
2024-10-12,2024,10,12,7,Sat,1,127248,3391416.28,2407272.17,464798.94,2106869.8,159206,91916,16073,1,240,26.652020306802463,18.917956824468753,3.652701339117314,16.557193826229096,1.2511473657739218,0.7223374827109267,0.12631239783729412
2024-10-13,2024,10,13,1,Sun,1,107390,3213288.08,2299542.27,547073.1800000003,1912952.8999999997,132216,77463,13574,1,240,29.92166942918335,21.4130018623708,5.094265574075801,17.81313809479467,1.2311760871589534,0.7213241456373964,0.12639910606201696
2024-10-14,2024,10,14,2,Mon,0,99177,2967088.77,2090604.4000000004,557706.3400000001,1687398.8,117450,73961,13006,1,239,29.917105478084636,21.079528519717275,5.623343517146114,17.01401332970346,1.1842463474394265,0.7457475019409742,0.13113927624348387
2024-10-15,2024,10,15,3,Tue,0,126165,3793616.08,2628312.79,1070773.7499999998,2436368.2499999995,141227,95952,15183,1,236,30.068688463519994,20.832344865850274,8.487090318234056,19.310967780287715,1.1193833472040582,0.7605278801569374,0.12034240875044584
2024-10-16,2024,10,16,4,Wed,0,132219,3965711.1499999994,2742176.3000000003,1186405.5099999993,2603403.5000000005,147684,100912,15525,1,238,29.993504337500656,20.7396539075322,8.973033452075718,19.690086144956478,1.1169650352823723,0.7632185994448604,0.11741882785378803
2024-10-17,2024,10,17,5,Thu,0,133774,4108510.9899999993,2840161.0900000003,651394.0200000001,2661325.083333333,155346,104765,15533,1,235,30.71232818036389,21.231039589157835,4.869361908891116,19.89418783420794,1.161257045464739,0.7831491919207021,0.11611374407582939
2024-10-18,2024,10,18,6,Fri,0,130368,3855285.96,2666323.65,945478.43,2426617.0166666675,153652,97892,15825,1,236,29.572333394698084,20.452286220544917,7.252381182498773,18.61359395454918,1.1786021109474718,0.7508897889052528,0.1213871502209131
2024-10-19,2024,10,19,7,Sat,1,132715,3692586.58,2628592.9099999997,539952.6799999998,2372275.1,165912,98289,16087,1,236,27.82343050898542,19.806298534453525,4.068512828240966,17.87495836943827,1.2501375127152168,0.7406020419696342,0.12121463285988773
2024-10-20,2024,10,20,1,Sun,1,114409,3487876.7,2481607.35,672908.2200000001,2038551.3333333328,139794,84207,13989,1,234,30.486034315482176,21.690665507084233,5.881602146684265,17.818102888176043,1.2218793975998392,0.7360172713685112,0.12227184924262952
2024-10-21,2024,10,21,2,Mon,0,105369,3310184.5600000005,2289045.21,570075.0900000001,1985645.75,123622,81410,14120,1,228,31.415165371219246,21.724085926600804,5.4102733251715405,18.844686292932458,1.1732293179208306,0.7726181324678036,0.1340052577133692
2024-10-22,2024,10,22,3,Tue,0,118861,3530515.7199999997,2428169.3400000003,500250.10000000003,2222314.6666666665,136949,93089,14699,1,233,29.702894305112693,20.428646402099936,4.208698395604951,18.696752228793855,1.1521777538469304,0.7831753056090728,0.12366545797191678
2024-10-23,2024,10,23,4,Wed,0,125872,3769427.7999999993,2591596.73,435115.77,2372452.833333333,145051,99266,14890,1,235,29.94651550781746,20.589143971653744,3.456811443371044,18.848138055590862,1.15236907334435,0.7886265412482522,0.11829477564509978
2024-10-24,2024,10,24,5,Thu,0,134834,4076304.2600000007,2808089.0199999996,660540.4300000002,2595464.1333333342,155800,105250,15578,1,234,30.232020558612817,20.826268003619262,4.898915926250057,19.24932979317779,1.1554949048459586,0.7805894655650651,0.11553465743061839
2024-10-25,2024,10,25,6,Fri,0,133235,3935410.1399999997,2729916.029999999,552920.7499999999,2496708.6333333333,157397,99676,15996,1,234,29.537359852891505,20.489481217397824,4.149966225091004,18.739134861960697,1.1813487446992157,0.74812173978309,0.120058543175592
2024-10-26,2024,10,26,7,Sat,1,145399,4038468.699999999,2893651.2900000005,698550.8000000002,2594505.4333333336,178703,105976,17160,1,240,27.77507892076286,19.901452485918064,4.80437141933576,17.84403904657758,1.2290524694117566,0.7288633346859332,0.11802006891381646
2024-10-27,2024,10,27,1,Sun,1,117198,3522967.49,2510299.8099999996,457748.0800000001,2017724.1500000004,141972,85504,14417,1,239,30.0599625420229,21.419305875526884,3.905766992610796,17.216370159900343,1.2113858598269596,0.7295687639720815,0.12301404460826977
2024-10-28,2024,10,28,2,Mon,0,108484,3339027.19,2311234.91,484529.9299999999,2016980.8833333326,127753,83104,14564,1,237,30.778982983665795,21.304845968069024,4.466372276096013,18.592427301107378,1.1776206629549058,0.7660484495409461,0.13425021201283138
2024-10-29,2024,10,29,3,Tue,0,124635,3673345.0199999996,2532879.25,406768.8800000001,2315259.2666666666,143263,97127,15177,1,237,29.472820796726438,20.322375335981064,3.263680988486381,18.576316978911755,1.149460424439363,0.7792915312713122,0.12177157299313997
2024-10-30,2024,10,30,4,Wed,0,130242,3856552.0799999996,2669280.16,628004.47,2436519.433333334,146302,99192,15173,1,233,29.610663841157226,20.494772500422293,4.821827597856298,18.707632202617695,1.1233089172463568,0.7615976413138619,0.1164985181431489
2024-10-31,2024,10,31,5,Thu,0,126798,3644154.1799999997,2546079.81,657092.8400000001,2320668.4,141693,92167,14883,1,245,28.739839587375194,20.079810485969812,5.182201927475197,18.302089938327104,1.1174703071026357,0.7268805501664064,0.11737566838593669
2024-11-01,2024,11,1,6,Fri,0,134959,4156710.3699999987,2984107.2700000005,799014.7900000003,2389356.933333334,161039,99958,16567,1,238,30.799801198882616,22.111213553745955,5.920426129417084,17.704317113592527,1.193243874065457,0.7406545691654502,0.12275579990960217
2024-11-02,2024,11,2,7,Sat,1,135088,3537657.5,2488873.24,498340.88,2242072.033333334,173767,103714,16018,1,230,26.187799804571835,18.424088297998342,3.689009238422362,16.597122122863126,1.2863244699751273,0.7677513916854198,0.11857455880611158
2024-11-03,2024,11,3,1,Sun,1,118750,3359754.7399999998,2384572.8699999996,602537.93,2102436.7666666666,145015,87172,13413,1,233,28.29267149473684,20.08061364210526,5.074003621052632,17.704730666666666,1.2211789473684211,0.73408,0.11295157894736842
2024-11-04,2024,11,4,2,Mon,0,99677,2995212.9199999995,2063199.1499999997,618438.35,1785195.7499999993,119411,78573,13449,1,235,30.04918807749029,20.69884878156445,6.204423788837946,17.909806173941824,1.197979473700051,0.7882761319060566,0.134925810367487
2024-11-05,2024,11,5,3,Tue,0,95672,2570586.0200000005,1785447.2000000002,563342.88,1499317.933333333,112511,75994,12548,1,229,26.868739234049674,18.662170750062717,5.888273266995569,15.671439222900464,1.1760076093318839,0.7943180867965549,0.131156451208295
2024-11-06,2024,11,6,4,Wed,0,113402,3265260.0700000003,2225712.3799999994,413569.5399999999,2056312.0666666664,131731,91254,13679,1,232,28.793672686548742,19.62674714731662,3.6469333874182106,18.132943569484368,1.1616285427064779,0.8046948025608014,0.12062397488580448
2024-11-07,2024,11,7,5,Thu,0,127715,3741369.270000001,2550192.2699999996,415199.67999999993,2415551.2333333334,151290,103506,14672,1,231,29.294673844106025,19.967836745879495,3.2509860235681005,18.91360633702645,1.1845906902086678,0.8104451317386369,0.11488078925733078
2024-11-08,2024,11,8,6,Fri,0,127142,3713372.6900000004,2543472.3799999994,512800.1400000001,2369462.1166666667,155489,99558,15430,1,234,29.206498953925536,20.00497380881219,4.033286718786869,18.63634453340884,1.2229554356546224,0.783045728398169,0.12136036872158688
2024-11-09,2024,11,9,7,Sat,1,132719,3650603.099999999,2589376.7100000004,618872.1600000001,2388658.8999999994,168556,101668,15458,1,240,27.506258335279796,19.51021865746427,4.663026092722219,17.997866921842384,1.270021624635508,0.7660395271212109,0.11647164309556281
2024-11-10,2024,11,10,1,Sun,1,111159,3285081.47,2328730.56,531682.3600000001,1877887.6333333333,138331,84135,13244,1,236,29.552995888771942,20.949545785766336,4.783079732635235,16.8937075120623,1.2444426452199102,0.7568887809354168,0.11914464865642908
2024-11-11,2024,11,11,2,Mon,0,97793,3004565.5399999996,2116304.3600000003,617633.47,1767402.366666667,113740,75422,11975,1,237,30.723728078696833,21.64065280746066,6.3157226999887515,18.072892401978333,1.1630689313141023,0.7712412953892406,0.12245252727700347
2024-11-12,2024,11,12,3,Tue,0,124892,3661113.52,2511124.4600000004,443946.67,2367063.266666667,140893,98297,14502,1,236,29.314235659609903,20.106367581590497,3.554644572910995,18.952881422882708,1.128118694552093,0.787056016398168,0.11611632450437177
2024-11-13,2024,11,13,4,Wed,0,131022,3875229.6999999997,2659096.7300000004,639754.4299999998,2506947.0333333327,147101,103681,14566,1,238,29.576938987345635,20.295039993283574,4.882801590572575,19.13378694672141,1.1227198485750485,0.7913251209720505,0.11117216955931065
2024-11-14,2024,11,14,5,Thu,0,139174,4121866.8100000005,2827909.7500000005,713250.7999999999,2667278.4833333343,156860,109803,15193,1,235,29.616643985227128,20.319238866454945,5.124885395260608,19.16506303859438,1.1270783335967924,0.7889620187678733,0.10916550505123084
2024-11-15,2024,11,15,6,Fri,0,136841,3922479.0099999993,2715822.159999999,992000.7199999999,2508567.2333333334,153692,100317,15516,1,236,28.66450120943284,19.84655300677428,7.249294582763937,18.331985540396033,1.1231429176927967,0.7330916903559606,0.11338706966479345
2024-11-16,2024,11,16,7,Sat,1,146638,3875791.29,2771365.759999999,768098.8199999998,2480315.15,171518,103767,16923,1,242,26.43101576671804,18.89936960405897,5.238061211964156,16.91454568392913,1.1696695263165073,0.7076405842960215,0.1154066476629523
2024-11-17,2024,11,17,1,Sun,1,120582,3506046.8400000003,2506482.8800000004,1004410.4199999999,2000764.5333333334,136870,84111,13138,1,240,29.076038214658908,20.78654260171502,8.329687847274053,16.592563843138556,1.1350782040437213,0.6975419216798527,0.10895490205835033
2024-11-18,2024,11,18,2,Mon,0,111184,3295485.0700000003,2281269.85,997454.3400000007,1997257.4166666672,120947,82063,13189,1,239,29.639921841272127,20.517968862426248,8.971203950208668,17.9635326725668,1.0878093970355447,0.7380828176716074,0.11862318319182616
2024-11-19,2024,11,19,3,Tue,0,123120,3530162.460000001,2421532.33,655811.5200000001,2230941.733333334,136374,95866,13661,1,235,28.67253460038987,19.668066358024692,5.326604288499026,18.120059562486468,1.1076510721247563,0.778638726445744,0.11095679012345679
2024-11-20,2024,11,20,4,Wed,0,130777,3797090.2500000005,2601723.9700000007,413927.2800000001,2424660.75,147489,104018,14414,1,233,29.034847488472746,19.89435428248087,3.1651382123767946,18.54042186317166,1.1277900548261544,0.7953845095085528,0.11021815762710568
2024-11-21,2024,11,21,5,Thu,0,150677,4461419.75,3089622.63,572921.6699999998,3034165.8833333342,164285,115903,15088,1,236,29.60916231408908,20.504938577221473,3.802316677396018,20.136888067411313,1.0903123900794414,0.7692149432229205,0.10013472527326665
2024-11-22,2024,11,22,6,Fri,0,147254,4171782.48,2864778.9199999995,658674.5999999999,2644928.2333333325,166603,109772,15949,1,236,28.330520597063575,19.45467640946935,4.4730506471810605,17.961673253924054,1.1313988075026824,0.745460225189129,0.10830945169570945
2024-11-23,2024,11,23,7,Sat,1,131792,3506304.4000000004,2472628.9500000007,575859.6499999999,2195624.8000000007,165357,97738,15849,1,237,26.604834891343938,18.76160123527984,4.369458313099429,16.659772975597917,1.2546816195216706,0.7416079883452713,0.12025767876654121
2024-11-24,2024,11,24,1,Sun,1,105846,2952253.000000001,2077462.7000000004,1035090.3799999997,1673104.5166666666,133489,78964,13198,1,232,27.891965685996645,19.627219734331014,9.779211118039413,15.806969717010247,1.2611624435500632,0.7460272471326267,0.12469058821306427
2024-11-25,2024,11,25,2,Mon,0,101956,2875476.14,1972795.4999999995,447460.2600000001,1788749.1333333338,124093,79237,13893,1,227,28.203108595864883,19.349479187100314,4.388758484051945,17.544324349065615,1.2171230726980267,0.7771685825257955,0.1362646631880419
2024-11-26,2024,11,26,3,Tue,0,112207,3224891.0100000007,2227140.15,584796.9500000001,2160635.15,135790,86880,14902,1,234,28.740551035140417,19.84849563752707,5.211768873599687,19.255796429812754,1.2101740533121819,0.7742832443608687,0.13280811357580186
2024-11-27,2024,11,27,4,Wed,0,105455,3061618.61,2133733.4599999995,336981.89999999997,2036975.0333333337,134186,79409,15405,1,232,29.032465127305485,20.2335921483097,3.1955042435161913,19.31605929859498,1.272447963586364,0.7530131335640795,0.146081266891091
2024-11-28,2024,11,28,5,Thu,0,75288,2003243.35,1447359.73,724463.4000000004,1173338.8,93769,49555,12166,1,238,26.607737620869198,19.224308389119116,9.622561364360859,15.58467219211561,1.245470725746467,0.6582058229731166,0.16159281691637445
2024-11-29,2024,11,29,6,Fri,0,84279,2390624.38,1638465.8999999992,339701.21,1342486.9,119780,62202,14629,1,237,28.365599734216115,19.440974620012092,4.030674426606866,15.929079604646471,1.421231860843152,0.7380486242124372,0.1735782341983175
2024-11-30,2024,11,30,7,Sat,1,99698,2929056.8299999996,2068097.5100000002,413864.9,1733308.5666666664,140119,75423,15739,1,222,29.379293767176872,20.743620834921465,4.151185580452968,17.385590148916393,1.4054344119240105,0.7565146743164356,0.15786675760797608
2024-12-01,2024,12,1,1,Sun,1,93363,2935922.32,2069244.9799999995,386889.47,1634631.3666666662,122653,71866,12989,1,226,31.4463151355462,22.163437121772002,4.1439271445861845,17.50834234832499,1.3137217098850722,0.7697481871833596,0.13912363570150915
2024-12-02,2024,12,2,2,Mon,0,109952,3499061.0400000014,2407504.25,520300.91,2152745.1833333336,130958,87138,14927,1,232,31.823532450523878,21.895956872089638,4.7320731773864955,19.57895430127086,1.1910470023282886,0.7925094586728755,0.13575924039580908
2024-12-03,2024,12,3,3,Tue,0,126940,3863586.7100000004,2646442.3,431036.19000000006,2449133.6666666665,148818,102037,15424,1,233,30.43632196313219,20.84797778478021,3.395589963762408,19.293632162176355,1.172349141326611,0.8038207026941863,0.1215062234126359
2024-12-04,2024,12,4,4,Wed,0,131472,3997098.0500000003,2747368.87,619620.1800000002,2596522.3166666664,154044,105908,15128,1,228,30.402656459170014,20.89698848423999,4.7129440489229655,19.749622099509146,1.1716867469879517,0.8055555555555556,0.11506632590969941
2024-12-05,2024,12,5,5,Thu,0,145919,4474236.66,3083231.33,674209.9699999999,2972036.5333333337,171327,115904,16561,1,234,30.662467944544577,21.12974547522941,4.620439901589237,20.367714508277427,1.1741240003015372,0.7943036890329567,0.11349447296102633
2024-12-06,2024,12,6,6,Fri,0,144659,4352922.0600000005,3003791.7099999995,889303.1900000003,2898123.666666666,176244,112428,16742,1,232,30.09091767536068,20.764637596001627,6.147582867294813,20.03417462215739,1.2183410641577779,0.777193261394037,0.11573424398067178
2024-12-07,2024,12,7,7,Sat,1,142929,3965217.180000001,2812486.93,563676.8399999999,2610112.0500000003,185465,109637,17143,1,224,27.742565749428046,19.67751072210678,3.943754171651658,18.261598765820793,1.2976023060400619,0.7670731621994137,0.11994066984306893
2024-12-08,2024,12,8,1,Sun,1,116094,3569235.4899999998,2526808.63,438100.4100000001,2112165.85,150241,89375,14392,1,226,30.74435793408789,21.76519570348166,3.77366969869244,18.193583217048253,1.2941323410339898,0.7698502937274967,0.1239685082777749
2024-12-09,2024,12,9,2,Mon,0,116210,3608992.0600000005,2487794.920000001,407182.69999999995,2299932.250000001,137513,91557,14277,1,229,31.055778848636095,21.407752516995103,3.503852508389983,19.791173306944334,1.1833146889252215,0.7878581877635316,0.12285517597452887
2024-12-10,2024,12,10,3,Tue,0,135843,4144486.39,2849575.76,463093.44,2760521.6000000006,157208,108375,15329,1,235,30.50938502536016,20.97697901253653,3.409034252777103,20.32141221851697,1.15727715082853,0.7977959850710011,0.11284350316173818
2024-12-11,2024,12,11,4,Wed,0,140970,4377367.28,3037800.22,487256.73,2912250.4499999997,158022,110770,14408,1,230,31.051764772646663,21.549267361850042,3.456456905724622,20.658653968929556,1.1209619067886785,0.7857700219904944,0.10220614315102504
2024-12-12,2024,12,12,5,Thu,0,154282,4889797.83,3390523.5100000007,686606.8000000002,3315697.133333333,178415,122310,16342,1,231,31.693897084559442,21.976144397920695,4.4503363969873355,21.49114694736478,1.156421358291959,0.7927690851816803,0.10592292036660142
2024-12-13,2024,12,13,6,Fri,0,156761,4614442.239999999,3182951.490000001,640988.8600000005,3034223.1166666667,186313,120614,17010,1,235,29.436162310778826,20.304485745816887,4.08895618170336,19.35572697716056,1.1885162763697603,0.7694133107086584,0.10850913173557199
2024-12-14,2024,12,14,7,Sat,1,156091,4278896.04,3048766.5900000003,671132.8999999997,2876914.75,195718,116587,17176,1,229,27.41282995175891,19.53198192080261,4.2996258592743954,18.43100979556797,1.2538711392713224,0.7469168625993812,0.11003837505045135
2024-12-15,2024,12,15,1,Sun,1,123106,3586310.6799999997,2534833.39,861323.3800000001,2129445.383333333,155010,92243,14775,1,229,29.131891865546763,20.590656751092556,6.996599515864378,17.29765716807737,1.259158773739704,0.7492973535002355,0.12001852062450247
2024-12-16,2024,12,16,2,Mon,0,113135,3353053.7400000007,2315177.59,723704.7299999995,2162286.333333333,132414,87185,14094,1,235,29.637634153886957,20.463849295089936,6.396824413311526,19.112443835535714,1.1704070358421355,0.7706280107835771,0.12457683298713926
2024-12-17,2024,12,17,3,Tue,0,128713,3678867.7799999993,2518076.9699999997,866671.77,2376428.0999999996,150651,101464,15298,1,234,28.581944170363517,19.56350151111387,6.733366248941444,18.462999852384762,1.1704412141741705,0.7882964424727883,0.11885357345411886
2024-12-18,2024,12,18,4,Wed,0,138144,4003563.4300000006,2755812.1399999997,721846.95,2629256.1333333342,159621,107592,15696,1,232,28.981088067523746,19.948837010655545,5.225322489576095,19.03272044629759,1.1554682070882558,0.7788394718554552,0.11362056984016679
2024-12-19,2024,12,19,5,Thu,0,141506,4087671.9400000004,2823929.41,819446.1300000002,2646482.7,165167,110042,16147,1,230,28.886916031829042,19.95625210238435,5.790893177674446,18.702264921628768,1.1672084575919042,0.7776490042825039,0.11410823569318615
2024-12-20,2024,12,20,6,Fri,0,136093,3836782.61,2655180.44,786386.1399999999,2437157.8,163748,101953,16550,1,231,28.192358240320956,19.510044160978154,5.778299692122298,17.908032007524266,1.2032066307598481,0.7491421307488262,0.12160801804648291
2024-12-21,2024,12,21,7,Sat,1,128187,3450086.59,2462811.8600000003,619825.55,2169114.2,163210,91404,17302,1,237,26.914481109628902,19.212649176593573,4.835323004672861,16.921483457760928,1.2732180330298704,0.7130520255564137,0.13497468542051846
2024-12-22,2024,12,22,1,Sun,1,102512,2854414.7300000004,2043652.9999999998,848810.9099999999,1738323.4499999995,133308,71666,14840,1,234,27.844688719369444,19.935744108006865,8.280112669736225,16.957267929608236,1.3004136101139379,0.699098642110192,0.14476353987825816
2024-12-23,2024,12,23,2,Mon,0,92679,2700081.16,1895473.72,720130.6000000001,1742876.6500000001,118033,67270,14813,1,235,29.133688969453708,20.45203034128551,7.770159367278457,18.80551851012635,1.2735679064297198,0.7258386473742703,0.15983124548171646
2024-12-24,2024,12,24,3,Tue,0,78622,2041992.0899999999,1417290.8,530911.33,1209547.4666666663,101949,53827,14875,1,237,25.972273536669125,18.026643941899213,6.7527070031288945,15.384338565117478,1.2966981252066851,0.6846302561623973,0.18919640813003993
2024-12-25,2024,12,25,4,Wed,0,53032,1469777.7300000004,1059473.79,333981.17,825057.1666666666,71505,34297,10641,1,240,27.7149217453613,19.97800931513049,6.297729106954291,15.557723010006535,1.348336853220697,0.6467227334439584,0.20065243626489668
2024-12-26,2024,12,26,5,Thu,0,72557,2208391.1599999997,1542314.12,334561.2200000001,1343989.8000000003,104941,53013,13872,1,232,30.436638229254235,21.25658613228221,4.611012307565088,18.523227255812674,1.4463249583086402,0.7306393594001958,0.19118761801066747
2024-12-27,2024,12,27,6,Fri,0,82440,2519245.090000001,1757509.9100000001,381212.6400000001,1554726.0666666671,118981,60896,15517,1,229,30.558528505579826,21.318654900533723,4.624122270742359,18.858879993530653,1.443243571081999,0.7386705482775352,0.18822173702086367
2024-12-28,2024,12,28,7,Sat,1,85746,2440008.16,1739134.9400000002,445661.56,1552773.7166666673,124912,61401,16954,1,233,28.456233060434307,20.282403144169994,5.197461805798521,18.10899303368865,1.456767662631493,0.7160800503813589,0.19772350896834837
2024-12-29,2024,12,29,1,Sun,1,77156,2373114.2199999997,1705721.0,302593.5800000001,1390341.9500000002,111565,55890,14217,1,233,30.757351599357143,22.107431696822022,3.9218412048317703,18.01988114987817,1.4459666130955466,0.7243765876924672,0.1842630514801182
2024-12-30,2024,12,30,2,Mon,0,79025,2426440.2500000005,1691523.1700000006,300845.57,1480991.0999999999,111372,59211,14810,1,226,30.704716861752615,21.40491198987663,3.806967035748181,18.740792154381523,1.40932616260677,0.7492692186017084,0.18740904776969314
2024-12-31,2024,12,31,3,Tue,0,83975,2220662.03,1514307.3400000003,616185.9599999998,1280456.1166666667,110649,58960,14816,1,225,26.444323072342957,18.032835248585894,7.3377309913664766,15.248063312493798,1.317642155403394,0.7021137243227151,0.17643346233998214
2025-01-06,2025,1,6,2,Mon,0,1,47.62,33.1,7.45,443.26666666666665,1,1,0,1,1,47.62,33.1,7.45,443.26666666666665,1.0,1.0,0.0
2025-01-16,2025,1,16,5,Thu,0,1,20.7,14.2,1.54,435.78333333333336,4,1,0,1,1,20.7,14.2,1.54,435.78333333333336,4.0,1.0,0.0
2025-02-09,2025,2,9,1,Sun,1,1,43.25,29.6,4.02,32.46666666666667,1,1,0,1,1,43.25,29.6,4.02,32.46666666666667,1.0,1.0,0.0
2025-03-02,2025,3,2,1,Sun,1,1,33.2,28.2,2.71,34.2,1,0,1,1,1,33.2,28.2,2.71,34.2,1.0,0.0,1.0
2025-03-23,2025,3,23,1,Sun,1,1,19.68,11.4,2.19,130.83333333333334,1,1,0,1,1,19.68,11.4,2.19,130.83333333333334,1.0,1.0,0.0
2026-06-26,2026,6,26,6,Fri,0,2,86.57,48.0,11.520000000000001,1286.9,2,2,0,1,2,43.285,24.0,5.760000000000001,643.45,1.0,1.0,0.0
